Workbook

Sheet Monday
A1: timestamp | B1: route_id | C1: start | D1: end | E1: distance_km | F1: duration_in_traffic_min | G1: speed_km/h
A2: 45810.292 | B2: 1 | C2: 41.32516738436008, 69.30379886174566 | D2: 41.327552032716724, 69.28609735456061 | E2: 1.53 | F2: 2.75 | G2: =E2*60/F2 -> 33.381818
A3: 45810.292 | B3: 2 | C3: 41.327552032716724, 69.28609735456061 | D3: 41.332180445326756, 69.26923046640113 | E3: 1.57 | F3: 3.82 | G3: =E3*60/F3 -> 24.659686
A4: 45810.292 | B4: 3 | C4: 41.332180445326756, 69.26923046640113 | D4: 41.33927686915818, 69.25398056929649 | E4: 1.5 | F4: 2.63 | G4: =E4*60/F4 -> 34.220532
A5: 45810.292 | B5: 4 | C5: 41.33927686915818, 69.25398056929649 | D5: 41.341917122525444, 69.23651333737624 | E5: 1.5 | F5: 2.38 | G5: =E5*60/F5 -> 37.815126
A6: 45810.292 | B6: 5 | C6: 41.341917122525444, 69.23651333737624 | D6: 41.3355661273189, 69.22092813210918 | E6: 1.52 | F6: 2.7 | G6: =E6*60/F6 -> 33.777778
A7: 45810.292 | B7: 6 | C7: 41.3355661273189, 69.22092813210918 | D7: 41.32435077486925, 69.210996318545 | E7: 1.5 | F7: 2.48 | G7: =E7*60/F7 -> 36.290323
A8: 45810.292 | B8: 7 | C8: 41.32435077486925, 69.210996318545 | D8: 41.31115833391201, 69.2074172881025 | E8: 1.54 | F8: 2.5 | G8: =E8*60/F8 -> 36.96
A9: 45810.292 | B9: 8 | C9: 41.31115833391201, 69.2074172881025 | D9: 41.29858235062461, 69.21262191402178 | E9: 1.54 | F9: 2.68 | G9: =E9*60/F9 -> 34.477612
A10: 45810.292 | B10: 9 | C10: 41.29858235062461, 69.21262191402178 | D10: 41.289787898161364, 69.2265988055295 | E10: 1.52 | F10: 2.6 | G10: =E10*60/F10 -> 35.076923
A11: 45810.292 | B11: 10 | C11: 41.289787898161364, 69.2265988055295 | D11: 41.28106476890745, 69.24026245064472 | E11: 1.5 | F11: 2.75 | G11: =E11*60/F11 -> 32.727273
A12: 45810.292 | B12: 11 | C12: 41.28106476890745, 69.24026245064472 | D12: 41.28064845978927, 69.25601908163817 | E12: 1.48 | F12: 2.22 | G12: =E12*60/F12 -> 40
A13: 45810.292 | B13: 12 | C13: 41.28064845978927, 69.25601908163817 | D13: 41.28687171940977, 69.27143808322909 | E13: 1.46 | F13: 2.68 | G13: =E13*60/F13 -> 32.686567
... A1509: 45810.792 | B1509: 58 | C1509: 41.32310314706941, 69.28241762019745 | D1509: 41.33644779653366, 69.28519116101587 | E1509: 1.5 | F1509: 4.17 | G1509: =E1509*60/F1509 -> 21.582734

Sheet Tuesday
A1: timestamp | B1: route_id | C1: start | D1: end | E1: distance_km | F1: duration_in_traffic_min | G1: speed_km/h
A2: 45804.292 | B2: 1 | C2: 41.32516738436008, 69.30379886174566 | D2: 41.327552032716724, 69.28609735456061 | E2: 1.53 | F2: 2.78 | G2: =E2*60/F2 -> 33.021583
A3: 45804.292 | B3: 2 | C3: 41.327552032716724, 69.28609735456061 | D3: 41.332180445326756, 69.26923046640113 | E3: 1.57 | F3: 3.93 | G3: =E3*60/F3 -> 23.969466
A4: 45804.292 | B4: 3 | C4: 41.332180445326756, 69.26923046640113 | D4: 41.33927686915818, 69.25398056929649 | E4: 1.5 | F4: 2.62 | G4: =E4*60/F4 -> 34.351145
A5: 45804.292 | B5: 4 | C5: 41.33927686915818, 69.25398056929649 | D5: 41.341917122525444, 69.23651333737624 | E5: 1.5 | F5: 2.43 | G5: =E5*60/F5 -> 37.037037
A6: 45804.292 | B6: 5 | C6: 41.341917122525444, 69.23651333737624 | D6: 41.3355661273189, 69.22092813210918 | E6: 1.52 | F6: 2.6 | G6: =E6*60/F6 -> 35.076923
A7: 45804.292 | B7: 6 | C7: 41.3355661273189, 69.22092813210918 | D7: 41.32435077486925, 69.210996318545 | E7: 1.5 | F7: 2.42 | G7: =E7*60/F7 -> 37.190083
A8: 45804.292 | B8: 7 | C8: 41.32435077486925, 69.210996318545 | D8: 41.31115833391201, 69.2074172881025 | E8: 1.54 | F8: 2.52 | G8: =E8*60/F8 -> 36.666667
A9: 45804.292 | B9: 8 | C9: 41.31115833391201, 69.2074172881025 | D9: 41.29858235062461, 69.21262191402178 | E9: 1.54 | F9: 2.77 | G9: =E9*60/F9 -> 33.357401
A10: 45804.292 | B10: 9 | C10: 41.29858235062461, 69.21262191402178 | D10: 41.289787898161364, 69.2265988055295 | E10: 1.52 | F10: 2.82 | G10: =E10*60/F10 -> 32.340426
A11: 45804.292 | B11: 10 | C11: 41.289787898161364, 69.2265988055295 | D11: 41.28106476890745, 69.24026245064472 | E11: 1.5 | F11: 2.82 | G11: =E11*60/F11 -> 31.914894
A12: 45804.292 | B12: 11 | C12: 41.28106476890745, 69.24026245064472 | D12: 41.28064845978927, 69.25601908163817 | E12: 1.48 | F12: 2.23 | G12: =E12*60/F12 -> 39.820628
A13: 45804.292 | B13: 12 | C13: 41.28064845978927, 69.25601908163817 | D13: 41.28687171940977, 69.27143808322909 | E13: 1.46 | F13: 2.58 | G13: =E13*60/F13 -> 33.953488
... A1509: 45804.792 | B1509: 58 | C1509: 41.32310314706941, 69.28241762019745 | D1509: 41.33644779653366, 69.28519116101587 | E1509: 1.5 | F1509: 4.72 | G1509: =E1509*60/F1509 -> 19.067797

Sheet Wednesday
A1: timestamp | B1: route_id | C1: start | D1: end | E1: distance_km | F1: duration_in_traffic_min | G1: speed_km/h
A2: 45805.292 | B2: 1 | C2: 41.32516738436008, 69.30379886174566 | D2: 41.327552032716724, 69.28609735456061 | E2: 1.53 | F2: 2.73 | G2: =E2*60/F2 -> 33.626374
A3: 45805.292 | B3: 2 | C3: 41.327552032716724, 69.28609735456061 | D3: 41.332180445326756, 69.26923046640113 | E3: 1.57 | F3: 3.98 | G3: =E3*60/F3 -> 23.668342
A4: 45805.292 | B4: 3 | C4: 41.332180445326756, 69.26923046640113 | D4: 41.33927686915818, 69.25398056929649 | E4: 1.5 | F4: 2.63 | G4: =E4*60/F4 -> 34.220532
A5: 45805.292 | B5: 4 | C5: 41.33927686915818, 69.25398056929649 | D5: 41.341917122525444, 69.23651333737624 | E5: 1.5 | F5: 2.35 | G5: =E5*60/F5 -> 38.297872
A6: 45805.292 | B6: 5 | C6: 41.341917122525444, 69.23651333737624 | D6: 41.3355661273189, 69.22092813210918 | E6: 1.52 | F6: 2.57 | G6: =E6*60/F6 -> 35.486381
A7: 45805.292 | B7: 6 | C7: 41.3355661273189, 69.22092813210918 | D7: 41.32435077486925, 69.210996318545 | E7: 1.5 | F7: 2.32 | G7: =E7*60/F7 -> 38.793103
A8: 45805.292 | B8: 7 | C8: 41.32435077486925, 69.210996318545 | D8: 41.31115833391201, 69.2074172881025 | E8: 1.54 | F8: 2.4 | G8: =E8*60/F8 -> 38.5
A9: 45805.292 | B9: 8 | C9: 41.31115833391201, 69.2074172881025 | D9: 41.29858235062461, 69.21262191402178 | E9: 1.54 | F9: 2.73 | G9: =E9*60/F9 -> 33.846154
A10: 45805.292 | B10: 9 | C10: 41.29858235062461, 69.21262191402178 | D10: 41.289787898161364, 69.2265988055295 | E10: 1.52 | F10: 2.65 | G10: =E10*60/F10 -> 34.415094
A11: 45805.292 | B11: 10 | C11: 41.289787898161364, 69.2265988055295 | D11: 41.28106476890745, 69.24026245064472 | E11: 1.5 | F11: 2.8 | G11: =E11*60/F11 -> 32.142857
A12: 45805.292 | B12: 11 | C12: 41.28106476890745, 69.24026245064472 | D12: 41.28064845978927, 69.25601908163817 | E12: 1.48 | F12: 2.17 | G12: =E12*60/F12 -> 40.921659
A13: 45805.292 | B13: 12 | C13: 41.28064845978927, 69.25601908163817 | D13: 41.28687171940977, 69.27143808322909 | E13: 1.46 | F13: 2.6 | G13: =E13*60/F13 -> 33.692308
... A1509: 45805.792 | B1509: 58 | C1509: 41.32310314706941, 69.28241762019745 | D1509: 41.33644779653366, 69.28519116101587 | E1509: 1.5 | F1509: 5.07 | G1509: =E1509*60/F1509 -> 17.751479

Sheet Thursday
A1: timestamp | B1: route_id | C1: start | D1: end | E1: distance_km | F1: duration_in_traffic_min | G1: speed_km/h
A2: 45806.292 | B2: 1 | C2: 41.32516738436008, 69.30379886174566 | D2: 41.327552032716724, 69.28609735456061 | E2: 1.53 | F2: 2.88 | G2: =E2*60/F2 -> 31.875
A3: 45806.292 | B3: 2 | C3: 41.327552032716724, 69.28609735456061 | D3: 41.332180445326756, 69.26923046640113 | E3: 1.57 | F3: 3.75 | G3: =E3*60/F3 -> 25.12
A4: 45806.292 | B4: 3 | C4: 41.332180445326756, 69.26923046640113 | D4: 41.33927686915818, 69.25398056929649 | E4: 1.5 | F4: 2.67 | G4: =E4*60/F4 -> 33.707865
A5: 45806.292 | B5: 4 | C5: 41.33927686915818, 69.25398056929649 | D5: 41.341917122525444, 69.23651333737624 | E5: 1.5 | F5: 2.43 | G5: =E5*60/F5 -> 37.037037
A6: 45806.292 | B6: 5 | C6: 41.341917122525444, 69.23651333737624 | D6: 41.3355661273189, 69.22092813210918 | E6: 1.52 | F6: 2.78 | G6: =E6*60/F6 -> 32.805755
A7: 45806.292 | B7: 6 | C7: 41.3355661273189, 69.22092813210918 | D7: 41.32435077486925, 69.210996318545 | E7: 1.5 | F7: 2.45 | G7: =E7*60/F7 -> 36.734694
A8: 45806.292 | B8: 7 | C8: 41.32435077486925, 69.210996318545 | D8: 41.31115833391201, 69.2074172881025 | E8: 1.54 | F8: 2.45 | G8: =E8*60/F8 -> 37.714286
A9: 45806.292 | B9: 8 | C9: 41.31115833391201, 69.2074172881025 | D9: 41.29858235062461, 69.21262191402178 | E9: 1.54 | F9: 2.8 | G9: =E9*60/F9 -> 33
A10: 45806.292 | B10: 9 | C10: 41.29858235062461, 69.21262191402178 | D10: 41.289787898161364, 69.2265988055295 | E10: 1.52 | F10: 2.67 | G10: =E10*60/F10 -> 34.157303
A11: 45806.292 | B11: 10 | C11: 41.289787898161364, 69.2265988055295 | D11: 41.28106476890745, 69.24026245064472 | E11: 1.5 | F11: 2.77 | G11: =E11*60/F11 -> 32.490975
A12: 45806.292 | B12: 11 | C12: 41.28106476890745, 69.24026245064472 | D12: 41.28064845978927, 69.25601908163817 | E12: 1.48 | F12: 2.27 | G12: =E12*60/F12 -> 39.118943
A13: 45806.292 | B13: 12 | C13: 41.28064845978927, 69.25601908163817 | D13: 41.28687171940977, 69.27143808322909 | E13: 1.46 | F13: 2.65 | G13: =E13*60/F13 -> 33.056604
... A1509: 45806.792 | B1509: 58 | C1509: 41.32310314706941, 69.28241762019745 | D1509: 41.33644779653366, 69.28519116101587 | E1509: 1.5 | F1509: 4.8 | G1509: =E1509*60/F1509 -> 18.75

Sheet Friday
A1: timestamp | B1: route_id | C1: start | D1: end | E1: distance_km | F1: duration_in_traffic_min | G1: speed_km/h
A2: 45807.292 | B2: 1 | C2: 41.32516738436008, 69.30379886174566 | D2: 41.327552032716724, 69.28609735456061 | E2: 1.53 | F2: 2.82 | G2: =E2*60/F2 -> 32.553191
A3: 45807.292 | B3: 2 | C3: 41.327552032716724, 69.28609735456061 | D3: 41.332180445326756, 69.26923046640113 | E3: 1.57 | F3: 4.03 | G3: =E3*60/F3 -> 23.37469
A4: 45807.292 | B4: 3 | C4: 41.332180445326756, 69.26923046640113 | D4: 41.33927686915818, 69.25398056929649 | E4: 1.5 | F4: 2.73 | G4: =E4*60/F4 -> 32.967033
A5: 45807.292 | B5: 4 | C5: 41.33927686915818, 69.25398056929649 | D5: 41.341917122525444, 69.23651333737624 | E5: 1.5 | F5: 2.57 | G5: =E5*60/F5 -> 35.019455
A6: 45807.292 | B6: 5 | C6: 41.341917122525444, 69.23651333737624 | D6: 41.3355661273189, 69.22092813210918 | E6: 1.52 | F6: 2.68 | G6: =E6*60/F6 -> 34.029851
A7: 45807.292 | B7: 6 | C7: 41.3355661273189, 69.22092813210918 | D7: 41.32435077486925, 69.210996318545 | E7: 1.5 | F7: 2.3 | G7: =E7*60/F7 -> 39.130435
A8: 45807.292 | B8: 7 | C8: 41.32435077486925, 69.210996318545 | D8: 41.31115833391201, 69.2074172881025 | E8: 1.54 | F8: 2.38 | G8: =E8*60/F8 -> 38.823529
A9: 45807.292 | B9: 8 | C9: 41.31115833391201, 69.2074172881025 | D9: 41.29858235062461, 69.21262191402178 | E9: 1.54 | F9: 2.67 | G9: =E9*60/F9 -> 34.606742
A10: 45807.292 | B10: 9 | C10: 41.29858235062461, 69.21262191402178 | D10: 41.289787898161364, 69.2265988055295 | E10: 1.52 | F10: 2.63 | G10: =E10*60/F10 -> 34.676806
A11: 45807.292 | B11: 10 | C11: 41.289787898161364, 69.2265988055295 | D11: 41.28106476890745, 69.24026245064472 | E11: 1.5 | F11: 2.75 | G11: =E11*60/F11 -> 32.727273
A12: 45807.292 | B12: 11 | C12: 41.28106476890745, 69.24026245064472 | D12: 41.28064845978927, 69.25601908163817 | E12: 1.48 | F12: 2.2 | G12: =E12*60/F12 -> 40.363636
A13: 45807.292 | B13: 12 | C13: 41.28064845978927, 69.25601908163817 | D13: 41.28687171940977, 69.27143808322909 | E13: 1.46 | F13: 2.6 | G13: =E13*60/F13 -> 33.692308
... A1509: 45807.792 | B1509: 58 | C1509: 41.32310314706941, 69.28241762019745 | D1509: 41.33644779653366, 69.28519116101587 | E1509: 1.5 | F1509: 4.5 | G1509: =E1509*60/F1509 -> 20

Sheet Saturday
A1: timestamp | B1: route_id | C1: start | D1: end | E1: distance_km | F1: duration_in_traffic_min | G1: speed_km/h
A2: 45808.292 | B2: 1 | C2: 41.32516738436008, 69.30379886174566 | D2: 41.327552032716724, 69.28609735456061 | E2: 1.53 | F2: 2.75 | G2: =E2*60/F2 -> 33.381818
A3: 45808.292 | B3: 2 | C3: 41.327552032716724, 69.28609735456061 | D3: 41.332180445326756, 69.26923046640113 | E3: 1.57 | F3: 3.78 | G3: =E3*60/F3 -> 24.920635
A4: 45808.292 | B4: 3 | C4: 41.332180445326756, 69.26923046640113 | D4: 41.33927686915818, 69.25398056929649 | E4: 1.5 | F4: 2.6 | G4: =E4*60/F4 -> 34.615385
A5: 45808.292 | B5: 4 | C5: 41.33927686915818, 69.25398056929649 | D5: 41.341917122525444, 69.23651333737624 | E5: 1.5 | F5: 2.28 | G5: =E5*60/F5 -> 39.473684
A6: 45808.292 | B6: 5 | C6: 41.341917122525444, 69.23651333737624 | D6: 41.3355661273189, 69.22092813210918 | E6: 1.52 | F6: 2.67 | G6: =E6*60/F6 -> 34.157303
A7: 45808.292 | B7: 6 | C7: 41.3355661273189, 69.22092813210918 | D7: 41.32435077486925, 69.210996318545 | E7: 1.5 | F7: 2.42 | G7: =E7*60/F7 -> 37.190083
A8: 45808.292 | B8: 7 | C8: 41.32435077486925, 69.210996318545 | D8: 41.31115833391201, 69.2074172881025 | E8: 1.54 | F8: 2.58 | G8: =E8*60/F8 -> 35.813953
A9: 45808.292 | B9: 8 | C9: 41.31115833391201, 69.2074172881025 | D9: 41.29858235062461, 69.21262191402178 | E9: 1.54 | F9: 2.72 | G9: =E9*60/F9 -> 33.970588
A10: 45808.292 | B10: 9 | C10: 41.29858235062461, 69.21262191402178 | D10: 41.289787898161364, 69.2265988055295 | E10: 1.52 | F10: 2.63 | G10: =E10*60/F10 -> 34.676806
A11: 45808.292 | B11: 10 | C11: 41.289787898161364, 69.2265988055295 | D11: 41.28106476890745, 69.24026245064472 | E11: 1.5 | F11: 2.72 | G11: =E11*60/F11 -> 33.088235
A12: 45808.292 | B12: 11 | C12: 41.28106476890745, 69.24026245064472 | D12: 41.28064845978927, 69.25601908163817 | E12: 1.48 | F12: 1.98 | G12: =E12*60/F12 -> 44.848485
A13: 45808.292 | B13: 12 | C13: 41.28064845978927, 69.25601908163817 | D13: 41.28687171940977, 69.27143808322909 | E13: 1.46 | F13: 2.48 | G13: =E13*60/F13 -> 35.322581
... A1509: 45808.792 | B1509: 58 | C1509: 41.32310314706941, 69.28241762019745 | D1509: 41.33644779653366, 69.28519116101587 | E1509: 1.5 | F1509: 3.78 | G1509: =E1509*60/F1509 -> 23.809524

Sheet Sunday
A1: timestamp | B1: route_id | C1: start | D1: end | E1: distance_km | F1: duration_in_traffic_min | G1: speed_km/h
A2: 45809.292 | B2: 1 | C2: 41.32516738436008, 69.30379886174566 | D2: 41.327552032716724, 69.28609735456061 | E2: 1.53 | F2: 2.75 | G2: =E2*60/F2 -> 33.381818
A3: 45809.292 | B3: 2 | C3: 41.327552032716724, 69.28609735456061 | D3: 41.332180445326756, 69.26923046640113 | E3: 1.57 | F3: 3.57 | G3: =E3*60/F3 -> 26.386555
A4: 45809.292 | B4: 3 | C4: 41.332180445326756, 69.26923046640113 | D4: 41.33927686915818, 69.25398056929649 | E4: 1.5 | F4: 2.55 | G4: =E4*60/F4 -> 35.294118
A5: 45809.292 | B5: 4 | C5: 41.33927686915818, 69.25398056929649 | D5: 41.341917122525444, 69.23651333737624 | E5: 1.5 | F5: 2.22 | G5: =E5*60/F5 -> 40.540541
A6: 45809.292 | B6: 5 | C6: 41.341917122525444, 69.23651333737624 | D6: 41.3355661273189, 69.22092813210918 | E6: 1.52 | F6: 2.48 | G6: =E6*60/F6 -> 36.774194
A7: 45809.292 | B7: 6 | C7: 41.3355661273189, 69.22092813210918 | D7: 41.32435077486925, 69.210996318545 | E7: 1.5 | F7: 2.18 | G7: =E7*60/F7 -> 41.284404
A8: 45809.292 | B8: 7 | C8: 41.32435077486925, 69.210996318545 | D8: 41.31115833391201, 69.2074172881025 | E8: 1.54 | F8: 2.42 | G8: =E8*60/F8 -> 38.181818
A9: 45809.292 | B9: 8 | C9: 41.31115833391201, 69.2074172881025 | D9: 41.29858235062461, 69.21262191402178 | E9: 1.54 | F9: 2.67 | G9: =E9*60/F9 -> 34.606742
A10: 45809.292 | B10: 9 | C10: 41.29858235062461, 69.21262191402178 | D10: 41.289787898161364, 69.2265988055295 | E10: 1.52 | F10: 2.55 | G10: =E10*60/F10 -> 35.764706
A11: 45809.292 | B11: 10 | C11: 41.289787898161364, 69.2265988055295 | D11: 41.28106476890745, 69.24026245064472 | E11: 1.5 | F11: 2.55 | G11: =E11*60/F11 -> 35.294118
A12: 45809.292 | B12: 11 | C12: 41.28106476890745, 69.24026245064472 | D12: 41.28064845978927, 69.25601908163817 | E12: 1.48 | F12: 2.1 | G12: =E12*60/F12 -> 42.285714
A13: 45809.292 | B13: 12 | C13: 41.28064845978927, 69.25601908163817 | D13: 41.28687171940977, 69.27143808322909 | E13: 1.46 | F13: 2.38 | G13: =E13*60/F13 -> 36.806723
... A1509: 45809.792 | B1509: 58 | C1509: 41.32310314706941, 69.28241762019745 | D1509: 41.33644779653366, 69.28519116101587 | E1509: 1.5 | F1509: 3.42 | G1509: =E1509*60/F1509 -> 26.315789

Sheet TT
B1: TT
A2: route_id/Time interval | B2: 0.29166667 | D2: 0.30208333 | F2: 0.3125 | H2: 0.32291667 | J2: 0.33333333 | L2: 0.34375 | N2: 0.35416667 | P2: 0.36458333 | R2: 0.375 | T2: 0.38541667 | V2: 0.39583333 | X2: 0.40625 | Z2: 0.41666667 | AB2: 0.66666667 | AD2: 0.67708333 | AF2: 0.6875 | AH2: 0.69791667 | AJ2: 0.70833333 | AL2: 0.71875 | AN2: 0.72916667 | AP2: 0.73958333 | AR2: 0.75 | AT2: 0.76041667 | AV2: 0.77083333 | AX2: 0.78125 | AZ2: 0.79166667 | BB2: route_id/Time interval | BC2: TT
B3: average | C3: median | D3: average | E3: median | F3: average | G3: median | H3: average | I3: median | J3: average | K3: median | L3: average | M3: median | N3: average | O3: median | P3: average | Q3: median | R3: average | S3: median | T3: average | U3: median | V3: average | W3: median | X3: average | Y3: median | Z3: average | AA3: median | AB3: average | AC3: median | AD3: average | AE3: median | AF3: average | AG3: median | AH3: average | AI3: median | AJ3: average | AK3: median | AL3: average | AM3: median | AN3: average | AO3: median | AP3: average | AQ3: median | AR3: average | AS3: median | AT3: average | AU3: median | AV3: average | AW3: median | AX3: average | AY3: median | AZ3: average | BA3: median | BC3: Average | BD3: Median
A4: 1 | B4: =AVERAGE(Monday!F2,Tuesday!F2,Wednesday!F2,Thursday!F2,Friday!F2) -> 2.792 | C4: =MEDIAN(Monday!F2,Tuesday!F2,Wednesday!F2,Thursday!F2,Friday!F2) -> 2.78 | D4: =AVERAGE(Monday!F60,Tuesday!F60,Wednesday!F60,Thursday!F60,Friday!F60) -> 2.824 | E4: =MEDIAN(Monday!F60,Tuesday!F60,Wednesday!F60,Thursday!F60,Friday!F60) -> 2.82 | F4: =AVERAGE(Monday!F118,Tuesday!F118,Wednesday!F118,Thursday!F118,Friday!F118) -> 2.884 | G4: =MEDIAN(Monday!F118,Tuesday!F118,Wednesday!F118,Thursday!F118,Friday!F118) -> 2.88 | H4: =AVERAGE(Monday!F176,Tuesday!F176,Wednesday!F176,Thursday!F176,Friday!F176) -> 2.932 | I4: =MEDIAN(Monday!F176,Tuesday!F176,Wednesday!F176,Thursday!F176,Friday!F176) -> 2.93 | J4: =AVERAGE(Monday!F234,Tuesday!F234,Wednesday!F234,Thursday!F234,Friday!F234) -> 3.058 | K4: =MEDIAN(Monday!F234,Tuesday!F234,Wednesday!F234,Thursday!F234,Friday!F234) -> 3.03 | L4: =AVERAGE(Monday!F292,Tuesday!F292,Wednesday!F292,Thursday!F292,Friday!F292) -> 3.058 | M4: =MEDIAN(Monday!F292,Tuesday!F292,Wednesday!F292,Thursday!F292,Friday!F292) -> 3.1 | N4: =AVERAGE(Monday!F350,Tuesday!F350,Wednesday!F350,Thursday!F350,Friday!F350) -> 3.128 | O4: =MEDIAN(Monday!F350,Tuesday!F350,Wednesday!F350,Thursday!F350,Friday!F350) -> 3.12 | P4: =AVERAGE(Monday!F408,Tuesday!F408,Wednesday!F408,Thursday!F408,Friday!F408) -> 3.134 | Q4: =MEDIAN(Monday!F408,Tuesday!F408,Wednesday!F408,Thursday!F408,Friday!F408) -> 3.17 | R4: =AVERAGE(Monday!F466,Tuesday!F466,Wednesday!F466,Thursday!F466,Friday!F466) -> 3.134 | S4: =MEDIAN(Monday!F466,Tuesday!F466,Wednesday!F466,Thursday!F466,Friday!F466) -> 3.15 | T4: =AVERAGE(Monday!F524,Tuesday!F524,Wednesday!F524,Thursday!F524,Friday!F524) -> 3.146 | U4: =MEDIAN(Monday!F524,Tuesday!F524,Wednesday!F524,Thursday!F524,Friday!F524) -> 3.15 | V4: =AVERAGE(Monday!F582,Tuesday!F582,Wednesday!F582,Thursday!F582,Friday!F582) -> 3.156 | W4: =MEDIAN(Monday!F582,Tuesday!F582,Wednesday!F582,Thursday!F582,Friday!F582) -> 3.13 | X4: =AVERAGE(Monday!F640,Tuesday!F640,Wednesday!F640,Thursday!F640,Friday!F640) -> 3.198 | Y4: =MEDIAN(Monday!F640,Tuesday!F640,Wednesday!F640,Thursday!F640,Friday!F640) -> 3.13 | Z4: =AVERAGE(Monday!F698,Tuesday!F698,Wednesday!F698,Thursday!F698,Friday!F698) -> 3.172 | AA4: =MEDIAN(Monday!F698,Tuesday!F698,Wednesday!F698,Thursday!F698,Friday!F698) -> 3.15 | AB4: =AVERAGE(Monday!F756,Tuesday!F756,Wednesday!F756,Thursday!F756,Friday!F756) -> 3.332 | AC4: =MEDIAN(Monday!F756,Tuesday!F756,Wednesday!F756,Thursday!F756,Friday!F756) -> 3.27 | AD4: =AVERAGE(Monday!F814,Tuesday!F814,Wednesday!F814,Thursday!F814,Friday!F814) -> 3.4 | AE4: =MEDIAN(Monday!F814,Tuesday!F814,Wednesday!F814,Thursday!F814,Friday!F814) -> 3.48 | AF4: =AVERAGE(Monday!F872,Tuesday!F872,Wednesday!F872,Thursday!F872,Friday!F872) -> 3.3 | AG4: =MEDIAN(Monday!F872,Tuesday!F872,Wednesday!F872,Thursday!F872,Friday!F872) -> 3.32 | AH4: =AVERAGE(Monday!F930,Tuesday!F930,Wednesday!F930,Thursday!F930,Friday!F930) -> 3.434 | AI4: =MEDIAN(Monday!F930,Tuesday!F930,Wednesday!F930,Thursday!F930,Friday!F930) -> 3.48 | AJ4: =AVERAGE(Monday!F988,Tuesday!F988,Wednesday!F988,Thursday!F988,Friday!F988) -> 3.46 | AK4: =MEDIAN(Monday!F988,Tuesday!F988,Wednesday!F988,Thursday!F988,Friday!F988) -> 3.45 | AL4: =AVERAGE(Monday!F1046,Tuesday!F1046,Wednesday!F1046,Thursday!F1046,Friday!F1046) -> 3.386 | AM4: =MEDIAN(Monday!F1046,Tuesday!F1046,Wednesday!F1046,Thursday!F1046,Friday!F1046) -> 3.4 | AN4: =AVERAGE(Monday!F1104,Tuesday!F1104,Wednesday!F1104,Thursday!F1104,Friday!F1104) -> 3.356 | AO4: =MEDIAN(Monday!F1104,Tuesday!F1104,Wednesday!F1104,Thursday!F1104,Friday!F1104) -> 3.37 | AP4: =AVERAGE(Monday!F1162,Tuesday!F1162,Wednesday!F1162,Thursday!F1162,Friday!F1162) -> 3.554 | AQ4: =MEDIAN(Monday!F1162,Tuesday!F1162,Wednesday!F1162,Thursday!F1162,Friday!F1162) -> 3.53 | AR4: =AVERAGE(Monday!F1220,Tuesday!F1220,Wednesday!F1220,Thursday!F1220,Friday!F1220) -> 3.58 | AS4: =MEDIAN(Monday!F1220,Tuesday!F1220,Wednesday!F1220,Thursday!F1220,Friday!F1220) -> 3.65 | AT4: =AVERAGE(Monday!F1278,Tuesday!F1278,Wednesday!F1278,Thursday!F1278,Friday!F1278) -> 3.624 | AU4: =MEDIAN(Monday!F1278,Tuesday!F1278,Wednesday!F1278,Thursday!F1278,Friday!F1278) -> 3.67 | AV4: =AVERAGE(Monday!F1336,Tuesday!F1336,Wednesday!F1336,Thursday!F1336,Friday!F1336) -> 3.752 | AW4: =MEDIAN(Monday!F1336,Tuesday!F1336,Wednesday!F1336,Thursday!F1336,Friday!F1336) -> 3.55 | AX4: =AVERAGE(Monday!F1394,Tuesday!F1394,Wednesday!F1394,Thursday!F1394,Friday!F1394) -> 3.39 | AY4: =MEDIAN(Monday!F1394,Tuesday!F1394,Wednesday!F1394,Thursday!F1394,Friday!F1394) -> 3.4 | AZ4: =AVERAGE(Monday!F1452,Tuesday!F1452,Wednesday!F1452,Thursday!F1452,Friday!F1452) -> 3.288 | BA4: =MEDIAN(Monday!F1452,Tuesday!F1452,Wednesday!F1452,Thursday!F1452,Friday!F1452) -> 3.28 | BB4: 1 | BC4: =AVERAGE(B4,D4,F4,H4,J4,L4,N4,P4,R4,T4,V4,X4,Z4,AB4,AD4,AF4,AH4,AJ4,AL4,AN4,AP4,AR4,AT4,AV4,AX4,AZ4) -> 3.2489231 | BD4: =MEDIAN(C4,E4,G4,I4,K4,M4,O4,Q4,S4,U4,W4,Y4,AA4,AC4,AE4,AG4,AI4,AK4,AM4,AO4,AQ4,AS4,AU4,AW4,AY4,BA4) -> 3.22
A5: 2 | B5: =AVERAGE(Monday!F3,Tuesday!F3,Wednesday!F3,Thursday!F3,Friday!F3) -> 3.902 | C5: =MEDIAN(Monday!F3,Tuesday!F3,Wednesday!F3,Thursday!F3,Friday!F3) -> 3.93 | D5: =AVERAGE(Monday!F61,Tuesday!F61,Wednesday!F61,Thursday!F61,Friday!F61) -> 3.996 | E5: =MEDIAN(Monday!F61,Tuesday!F61,Wednesday!F61,Thursday!F61,Friday!F61) -> 4.05 | F5: =AVERAGE(Monday!F119,Tuesday!F119,Wednesday!F119,Thursday!F119,Friday!F119) -> 4.258 | G5: =MEDIAN(Monday!F119,Tuesday!F119,Wednesday!F119,Thursday!F119,Friday!F119) -> 4.32 | H5: =AVERAGE(Monday!F177,Tuesday!F177,Wednesday!F177,Thursday!F177,Friday!F177) -> 4.508 | I5: =MEDIAN(Monday!F177,Tuesday!F177,Wednesday!F177,Thursday!F177,Friday!F177) -> 4.52 | J5: =AVERAGE(Monday!F235,Tuesday!F235,Wednesday!F235,Thursday!F235,Friday!F235) -> 4.78 | K5: =MEDIAN(Monday!F235,Tuesday!F235,Wednesday!F235,Thursday!F235,Friday!F235) -> 4.75 | L5: =AVERAGE(Monday!F293,Tuesday!F293,Wednesday!F293,Thursday!F293,Friday!F293) -> 4.904 | M5: =MEDIAN(Monday!F293,Tuesday!F293,Wednesday!F293,Thursday!F293,Friday!F293) -> 4.95 | N5: =AVERAGE(Monday!F351,Tuesday!F351,Wednesday!F351,Thursday!F351,Friday!F351) -> 5.264 | O5: =MEDIAN(Monday!F351,Tuesday!F351,Wednesday!F351,Thursday!F351,Friday!F351) -> 5.3 | P5: =AVERAGE(Monday!F409,Tuesday!F409,Wednesday!F409,Thursday!F409,Friday!F409) -> 5.464 | Q5: =MEDIAN(Monday!F409,Tuesday!F409,Wednesday!F409,Thursday!F409,Friday!F409) -> 5.55 | R5: =AVERAGE(Monday!F467,Tuesday!F467,Wednesday!F467,Thursday!F467,Friday!F467) -> 5.106 | S5: =MEDIAN(Monday!F467,Tuesday!F467,Wednesday!F467,Thursday!F467,Friday!F467) -> 5.13 | T5: =AVERAGE(Monday!F525,Tuesday!F525,Wednesday!F525,Thursday!F525,Friday!F525) -> 4.852 | U5: =MEDIAN(Monday!F525,Tuesday!F525,Wednesday!F525,Thursday!F525,Friday!F525) -> 4.87 | V5: =AVERAGE(Monday!F583,Tuesday!F583,Wednesday!F583,Thursday!F583,Friday!F583) -> 5.022 | W5: =MEDIAN(Monday!F583,Tuesday!F583,Wednesday!F583,Thursday!F583,Friday!F583) -> 5.02 | X5: =AVERAGE(Monday!F641,Tuesday!F641,Wednesday!F641,Thursday!F641,Friday!F641) -> 4.966 | Y5: =MEDIAN(Monday!F641,Tuesday!F641,Wednesday!F641,Thursday!F641,Friday!F641) -> 4.97 | Z5: =AVERAGE(Monday!F699,Tuesday!F699,Wednesday!F699,Thursday!F699,Friday!F699) -> 4.992 | AA5: =MEDIAN(Monday!F699,Tuesday!F699,Wednesday!F699,Thursday!F699,Friday!F699) -> 4.92 | AB5: =AVERAGE(Monday!F757,Tuesday!F757,Wednesday!F757,Thursday!F757,Friday!F757) -> 5.622 | AC5: =MEDIAN(Monday!F757,Tuesday!F757,Wednesday!F757,Thursday!F757,Friday!F757) -> 5.63 | AD5: =AVERAGE(Monday!F815,Tuesday!F815,Wednesday!F815,Thursday!F815,Friday!F815) -> 5.664 | AE5: =MEDIAN(Monday!F815,Tuesday!F815,Wednesday!F815,Thursday!F815,Friday!F815) -> 5.7 | AF5: =AVERAGE(Monday!F873,Tuesday!F873,Wednesday!F873,Thursday!F873,Friday!F873) -> 5.85 | AG5: =MEDIAN(Monday!F873,Tuesday!F873,Wednesday!F873,Thursday!F873,Friday!F873) -> 5.75 | AH5: =AVERAGE(Monday!F931,Tuesday!F931,Wednesday!F931,Thursday!F931,Friday!F931) -> 5.786 | AI5: =MEDIAN(Monday!F931,Tuesday!F931,Wednesday!F931,Thursday!F931,Friday!F931) -> 6.02 | AJ5: =AVERAGE(Monday!F989,Tuesday!F989,Wednesday!F989,Thursday!F989,Friday!F989) -> 5.97 | AK5: =MEDIAN(Monday!F989,Tuesday!F989,Wednesday!F989,Thursday!F989,Friday!F989) -> 6.03 | AL5: =AVERAGE(Monday!F1047,Tuesday!F1047,Wednesday!F1047,Thursday!F1047,Friday!F1047) -> 5.75 | AM5: =MEDIAN(Monday!F1047,Tuesday!F1047,Wednesday!F1047,Thursday!F1047,Friday!F1047) -> 5.77 | AN5: =AVERAGE(Monday!F1105,Tuesday!F1105,Wednesday!F1105,Thursday!F1105,Friday!F1105) -> 5.934 | AO5: =MEDIAN(Monday!F1105,Tuesday!F1105,Wednesday!F1105,Thursday!F1105,Friday!F1105) -> 5.95 | AP5: =AVERAGE(Monday!F1163,Tuesday!F1163,Wednesday!F1163,Thursday!F1163,Friday!F1163) -> 7.102 | AQ5: =MEDIAN(Monday!F1163,Tuesday!F1163,Wednesday!F1163,Thursday!F1163,Friday!F1163) -> 6.65 | AR5: =AVERAGE(Monday!F1221,Tuesday!F1221,Wednesday!F1221,Thursday!F1221,Friday!F1221) -> 7.242 | AS5: =MEDIAN(Monday!F1221,Tuesday!F1221,Wednesday!F1221,Thursday!F1221,Friday!F1221) -> 7.22 | AT5: =AVERAGE(Monday!F1279,Tuesday!F1279,Wednesday!F1279,Thursday!F1279,Friday!F1279) -> 6.84 | AU5: =MEDIAN(Monday!F1279,Tuesday!F1279,Wednesday!F1279,Thursday!F1279,Friday!F1279) -> 6.6 | AV5: =AVERAGE(Monday!F1337,Tuesday!F1337,Wednesday!F1337,Thursday!F1337,Friday!F1337) -> 7.032 | AW5: =MEDIAN(Monday!F1337,Tuesday!F1337,Wednesday!F1337,Thursday!F1337,Friday!F1337) -> 7.07 | AX5: =AVERAGE(Monday!F1395,Tuesday!F1395,Wednesday!F1395,Thursday!F1395,Friday!F1395) -> 7.048 | AY5: =MEDIAN(Monday!F1395,Tuesday!F1395,Wednesday!F1395,Thursday!F1395,Friday!F1395) -> 6.47 | AZ5: =AVERAGE(Monday!F1453,Tuesday!F1453,Wednesday!F1453,Thursday!F1453,Friday!F1453) -> 5.774 | BA5: =MEDIAN(Monday!F1453,Tuesday!F1453,Wednesday!F1453,Thursday!F1453,Friday!F1453) -> 5.7 | BB5: 2 | BC5: =AVERAGE(B5,D5,F5,H5,J5,L5,N5,P5,R5,T5,V5,X5,Z5,AB5,AD5,AF5,AH5,AJ5,AL5,AN5,AP5,AR5,AT5,AV5,AX5,AZ5) -> 5.5241538 | BD5: =MEDIAN(C5,E5,G5,I5,K5,M5,O5,Q5,S5,U5,W5,Y5,AA5,AC5,AE5,AG5,AI5,AK5,AM5,AO5,AQ5,AS5,AU5,AW5,AY5,BA5) -> 5.59
A6: 3 | B6: =AVERAGE(Monday!F4,Tuesday!F4,Wednesday!F4,Thursday!F4,Friday!F4) -> 2.656 | C6: =MEDIAN(Monday!F4,Tuesday!F4,Wednesday!F4,Thursday!F4,Friday!F4) -> 2.63 | D6: =AVERAGE(Monday!F62,Tuesday!F62,Wednesday!F62,Thursday!F62,Friday!F62) -> 2.69 | E6: =MEDIAN(Monday!F62,Tuesday!F62,Wednesday!F62,Thursday!F62,Friday!F62) -> 2.72 | F6: =AVERAGE(Monday!F120,Tuesday!F120,Wednesday!F120,Thursday!F120,Friday!F120) -> 2.764 | G6: =MEDIAN(Monday!F120,Tuesday!F120,Wednesday!F120,Thursday!F120,Friday!F120) -> 2.77 | H6: =AVERAGE(Monday!F178,Tuesday!F178,Wednesday!F178,Thursday!F178,Friday!F178) -> 2.84 | I6: =MEDIAN(Monday!F178,Tuesday!F178,Wednesday!F178,Thursday!F178,Friday!F178) -> 2.83 | J6: =AVERAGE(Monday!F236,Tuesday!F236,Wednesday!F236,Thursday!F236,Friday!F236) -> 2.976 | K6: =MEDIAN(Monday!F236,Tuesday!F236,Wednesday!F236,Thursday!F236,Friday!F236) -> 3 | L6: =AVERAGE(Monday!F294,Tuesday!F294,Wednesday!F294,Thursday!F294,Friday!F294) -> 3.062 | M6: =MEDIAN(Monday!F294,Tuesday!F294,Wednesday!F294,Thursday!F294,Friday!F294) -> 3.05 | N6: =AVERAGE(Monday!F352,Tuesday!F352,Wednesday!F352,Thursday!F352,Friday!F352) -> 3.036 | O6: =MEDIAN(Monday!F352,Tuesday!F352,Wednesday!F352,Thursday!F352,Friday!F352) -> 3.02 | P6: =AVERAGE(Monday!F410,Tuesday!F410,Wednesday!F410,Thursday!F410,Friday!F410) -> 3.038 | Q6: =MEDIAN(Monday!F410,Tuesday!F410,Wednesday!F410,Thursday!F410,Friday!F410) -> 3.07 | R6: =AVERAGE(Monday!F468,Tuesday!F468,Wednesday!F468,Thursday!F468,Friday!F468) -> 3.092 | S6: =MEDIAN(Monday!F468,Tuesday!F468,Wednesday!F468,Thursday!F468,Friday!F468) -> 3.07 | T6: =AVERAGE(Monday!F526,Tuesday!F526,Wednesday!F526,Thursday!F526,Friday!F526) -> 3.16 | U6: =MEDIAN(Monday!F526,Tuesday!F526,Wednesday!F526,Thursday!F526,Friday!F526) -> 3.12 | V6: =AVERAGE(Monday!F584,Tuesday!F584,Wednesday!F584,Thursday!F584,Friday!F584) -> 3.02 | W6: =MEDIAN(Monday!F584,Tuesday!F584,Wednesday!F584,Thursday!F584,Friday!F584) -> 3.03 | X6: =AVERAGE(Monday!F642,Tuesday!F642,Wednesday!F642,Thursday!F642,Friday!F642) -> 3.068 | Y6: =MEDIAN(Monday!F642,Tuesday!F642,Wednesday!F642,Thursday!F642,Friday!F642) -> 3.07 | Z6: =AVERAGE(Monday!F700,Tuesday!F700,Wednesday!F700,Thursday!F700,Friday!F700) -> 3.058 | AA6: =MEDIAN(Monday!F700,Tuesday!F700,Wednesday!F700,Thursday!F700,Friday!F700) -> 3.08 | AB6: =AVERAGE(Monday!F758,Tuesday!F758,Wednesday!F758,Thursday!F758,Friday!F758) -> 3.226 | AC6: =MEDIAN(Monday!F758,Tuesday!F758,Wednesday!F758,Thursday!F758,Friday!F758) -> 3.2 | AD6: =AVERAGE(Monday!F816,Tuesday!F816,Wednesday!F816,Thursday!F816,Friday!F816) -> 3.34 | AE6: =MEDIAN(Monday!F816,Tuesday!F816,Wednesday!F816,Thursday!F816,Friday!F816) -> 3.38 | AF6: =AVERAGE(Monday!F874,Tuesday!F874,Wednesday!F874,Thursday!F874,Friday!F874) -> 3.278 | AG6: =MEDIAN(Monday!F874,Tuesday!F874,Wednesday!F874,Thursday!F874,Friday!F874) -> 3.3 | AH6: =AVERAGE(Monday!F932,Tuesday!F932,Wednesday!F932,Thursday!F932,Friday!F932) -> 3.298 | AI6: =MEDIAN(Monday!F932,Tuesday!F932,Wednesday!F932,Thursday!F932,Friday!F932) -> 3.35 | AJ6: =AVERAGE(Monday!F990,Tuesday!F990,Wednesday!F990,Thursday!F990,Friday!F990) -> 3.376 | AK6: =MEDIAN(Monday!F990,Tuesday!F990,Wednesday!F990,Thursday!F990,Friday!F990) -> 3.4 | AL6: =AVERAGE(Monday!F1048,Tuesday!F1048,Wednesday!F1048,Thursday!F1048,Friday!F1048) -> 3.458 | AM6: =MEDIAN(Monday!F1048,Tuesday!F1048,Wednesday!F1048,Thursday!F1048,Friday!F1048) -> 3.42 | AN6: =AVERAGE(Monday!F1106,Tuesday!F1106,Wednesday!F1106,Thursday!F1106,Friday!F1106) -> 3.452 | AO6: =MEDIAN(Monday!F1106,Tuesday!F1106,Wednesday!F1106,Thursday!F1106,Friday!F1106) -> 3.47 | AP6: =AVERAGE(Monday!F1164,Tuesday!F1164,Wednesday!F1164,Thursday!F1164,Friday!F1164) -> 3.452 | AQ6: =MEDIAN(Monday!F1164,Tuesday!F1164,Wednesday!F1164,Thursday!F1164,Friday!F1164) -> 3.45 | AR6: =AVERAGE(Monday!F1222,Tuesday!F1222,Wednesday!F1222,Thursday!F1222,Friday!F1222) -> 3.864 | AS6: =MEDIAN(Monday!F1222,Tuesday!F1222,Wednesday!F1222,Thursday!F1222,Friday!F1222) -> 3.83 | AT6: =AVERAGE(Monday!F1280,Tuesday!F1280,Wednesday!F1280,Thursday!F1280,Friday!F1280) -> 3.976 | AU6: =MEDIAN(Monday!F1280,Tuesday!F1280,Wednesday!F1280,Thursday!F1280,Friday!F1280) -> 4 | AV6: =AVERAGE(Monday!F1338,Tuesday!F1338,Wednesday!F1338,Thursday!F1338,Friday!F1338) -> 4.012 | AW6: =MEDIAN(Monday!F1338,Tuesday!F1338,Wednesday!F1338,Thursday!F1338,Friday!F1338) -> 4.03 | AX6: =AVERAGE(Monday!F1396,Tuesday!F1396,Wednesday!F1396,Thursday!F1396,Friday!F1396) -> 4.048 | AY6: =MEDIAN(Monday!F1396,Tuesday!F1396,Wednesday!F1396,Thursday!F1396,Friday!F1396) -> 4.05 | AZ6: =AVERAGE(Monday!F1454,Tuesday!F1454,Wednesday!F1454,Thursday!F1454,Friday!F1454) -> 4.072 | BA6: =MEDIAN(Monday!F1454,Tuesday!F1454,Wednesday!F1454,Thursday!F1454,Friday!F1454) -> 3.98 | BB6: 3 | BC6: =AVERAGE(B6,D6,F6,H6,J6,L6,N6,P6,R6,T6,V6,X6,Z6,AB6,AD6,AF6,AH6,AJ6,AL6,AN6,AP6,AR6,AT6,AV6,AX6,AZ6) -> 3.2812308 | BD6: =MEDIAN(C6,E6,G6,I6,K6,M6,O6,Q6,S6,U6,W6,Y6,AA6,AC6,AE6,AG6,AI6,AK6,AM6,AO6,AQ6,AS6,AU6,AW6,AY6,BA6) -> 3.16
A7: 4 | B7: =AVERAGE(Monday!F5,Tuesday!F5,Wednesday!F5,Thursday!F5,Friday!F5) -> 2.432 | C7: =MEDIAN(Monday!F5,Tuesday!F5,Wednesday!F5,Thursday!F5,Friday!F5) -> 2.43 | D7: =AVERAGE(Monday!F63,Tuesday!F63,Wednesday!F63,Thursday!F63,Friday!F63) -> 2.532 | E7: =MEDIAN(Monday!F63,Tuesday!F63,Wednesday!F63,Thursday!F63,Friday!F63) -> 2.58 | F7: =AVERAGE(Monday!F121,Tuesday!F121,Wednesday!F121,Thursday!F121,Friday!F121) -> 2.626 | G7: =MEDIAN(Monday!F121,Tuesday!F121,Wednesday!F121,Thursday!F121,Friday!F121) -> 2.62 | H7: =AVERAGE(Monday!F179,Tuesday!F179,Wednesday!F179,Thursday!F179,Friday!F179) -> 2.586 | I7: =MEDIAN(Monday!F179,Tuesday!F179,Wednesday!F179,Thursday!F179,Friday!F179) -> 2.6 | J7: =AVERAGE(Monday!F237,Tuesday!F237,Wednesday!F237,Thursday!F237,Friday!F237) -> 2.596 | K7: =MEDIAN(Monday!F237,Tuesday!F237,Wednesday!F237,Thursday!F237,Friday!F237) -> 2.57 | L7: =AVERAGE(Monday!F295,Tuesday!F295,Wednesday!F295,Thursday!F295,Friday!F295) -> 2.606 | M7: =MEDIAN(Monday!F295,Tuesday!F295,Wednesday!F295,Thursday!F295,Friday!F295) -> 2.65 | N7: =AVERAGE(Monday!F353,Tuesday!F353,Wednesday!F353,Thursday!F353,Friday!F353) -> 2.688 | O7: =MEDIAN(Monday!F353,Tuesday!F353,Wednesday!F353,Thursday!F353,Friday!F353) -> 2.7 | P7: =AVERAGE(Monday!F411,Tuesday!F411,Wednesday!F411,Thursday!F411,Friday!F411) -> 2.746 | Q7: =MEDIAN(Monday!F411,Tuesday!F411,Wednesday!F411,Thursday!F411,Friday!F411) -> 2.73 | R7: =AVERAGE(Monday!F469,Tuesday!F469,Wednesday!F469,Thursday!F469,Friday!F469) -> 2.854 | S7: =MEDIAN(Monday!F469,Tuesday!F469,Wednesday!F469,Thursday!F469,Friday!F469) -> 2.87 | T7: =AVERAGE(Monday!F527,Tuesday!F527,Wednesday!F527,Thursday!F527,Friday!F527) -> 2.838 | U7: =MEDIAN(Monday!F527,Tuesday!F527,Wednesday!F527,Thursday!F527,Friday!F527) -> 2.83 | V7: =AVERAGE(Monday!F585,Tuesday!F585,Wednesday!F585,Thursday!F585,Friday!F585) -> 2.846 | W7: =MEDIAN(Monday!F585,Tuesday!F585,Wednesday!F585,Thursday!F585,Friday!F585) -> 2.85 | X7: =AVERAGE(Monday!F643,Tuesday!F643,Wednesday!F643,Thursday!F643,Friday!F643) -> 2.736 | Y7: =MEDIAN(Monday!F643,Tuesday!F643,Wednesday!F643,Thursday!F643,Friday!F643) -> 2.68 | Z7: =AVERAGE(Monday!F701,Tuesday!F701,Wednesday!F701,Thursday!F701,Friday!F701) -> 2.798 | AA7: =MEDIAN(Monday!F701,Tuesday!F701,Wednesday!F701,Thursday!F701,Friday!F701) -> 2.78 | AB7: =AVERAGE(Monday!F759,Tuesday!F759,Wednesday!F759,Thursday!F759,Friday!F759) -> 3.076 | AC7: =MEDIAN(Monday!F759,Tuesday!F759,Wednesday!F759,Thursday!F759,Friday!F759) -> 3.08 | AD7: =AVERAGE(Monday!F817,Tuesday!F817,Wednesday!F817,Thursday!F817,Friday!F817) -> 3.222 | AE7: =MEDIAN(Monday!F817,Tuesday!F817,Wednesday!F817,Thursday!F817,Friday!F817) -> 3.2 | AF7: =AVERAGE(Monday!F875,Tuesday!F875,Wednesday!F875,Thursday!F875,Friday!F875) -> 3.14 | AG7: =MEDIAN(Monday!F875,Tuesday!F875,Wednesday!F875,Thursday!F875,Friday!F875) -> 3.15 | AH7: =AVERAGE(Monday!F933,Tuesday!F933,Wednesday!F933,Thursday!F933,Friday!F933) -> 3.19 | AI7: =MEDIAN(Monday!F933,Tuesday!F933,Wednesday!F933,Thursday!F933,Friday!F933) -> 3.17 | AJ7: =AVERAGE(Monday!F991,Tuesday!F991,Wednesday!F991,Thursday!F991,Friday!F991) -> 3.154 | AK7: =MEDIAN(Monday!F991,Tuesday!F991,Wednesday!F991,Thursday!F991,Friday!F991) -> 3.13 | AL7: =AVERAGE(Monday!F1049,Tuesday!F1049,Wednesday!F1049,Thursday!F1049,Friday!F1049) -> 3.17 | AM7: =MEDIAN(Monday!F1049,Tuesday!F1049,Wednesday!F1049,Thursday!F1049,Friday!F1049) -> 3.08 | AN7: =AVERAGE(Monday!F1107,Tuesday!F1107,Wednesday!F1107,Thursday!F1107,Friday!F1107) -> 2.968 | AO7: =MEDIAN(Monday!F1107,Tuesday!F1107,Wednesday!F1107,Thursday!F1107,Friday!F1107) -> 2.93 | AP7: =AVERAGE(Monday!F1165,Tuesday!F1165,Wednesday!F1165,Thursday!F1165,Friday!F1165) -> 3.024 | AQ7: =MEDIAN(Monday!F1165,Tuesday!F1165,Wednesday!F1165,Thursday!F1165,Friday!F1165) -> 3 | AR7: =AVERAGE(Monday!F1223,Tuesday!F1223,Wednesday!F1223,Thursday!F1223,Friday!F1223) -> 3.294 | AS7: =MEDIAN(Monday!F1223,Tuesday!F1223,Wednesday!F1223,Thursday!F1223,Friday!F1223) -> 3.25 | AT7: =AVERAGE(Monday!F1281,Tuesday!F1281,Wednesday!F1281,Thursday!F1281,Friday!F1281) -> 3.23 | AU7: =MEDIAN(Monday!F1281,Tuesday!F1281,Wednesday!F1281,Thursday!F1281,Friday!F1281) -> 3.13 | AV7: =AVERAGE(Monday!F1339,Tuesday!F1339,Wednesday!F1339,Thursday!F1339,Friday!F1339) -> 3.41 | AW7: =MEDIAN(Monday!F1339,Tuesday!F1339,Wednesday!F1339,Thursday!F1339,Friday!F1339) -> 3.32 | AX7: =AVERAGE(Monday!F1397,Tuesday!F1397,Wednesday!F1397,Thursday!F1397,Friday!F1397) -> 3.412 | AY7: =MEDIAN(Monday!F1397,Tuesday!F1397,Wednesday!F1397,Thursday!F1397,Friday!F1397) -> 3.27 | AZ7: =AVERAGE(Monday!F1455,Tuesday!F1455,Wednesday!F1455,Thursday!F1455,Friday!F1455) -> 3.37 | BA7: =MEDIAN(Monday!F1455,Tuesday!F1455,Wednesday!F1455,Thursday!F1455,Friday!F1455) -> 3.35 | BB7: 4 | BC7: =AVERAGE(B7,D7,F7,H7,J7,L7,N7,P7,R7,T7,V7,X7,Z7,AB7,AD7,AF7,AH7,AJ7,AL7,AN7,AP7,AR7,AT7,AV7,AX7,AZ7) -> 2.944 | BD7: =MEDIAN(C7,E7,G7,I7,K7,M7,O7,Q7,S7,U7,W7,Y7,AA7,AC7,AE7,AG7,AI7,AK7,AM7,AO7,AQ7,AS7,AU7,AW7,AY7,BA7) -> 2.9
A8: 5 | B8: =AVERAGE(Monday!F6,Tuesday!F6,Wednesday!F6,Thursday!F6,Friday!F6) -> 2.666 | C8: =MEDIAN(Monday!F6,Tuesday!F6,Wednesday!F6,Thursday!F6,Friday!F6) -> 2.68 | D8: =AVERAGE(Monday!F64,Tuesday!F64,Wednesday!F64,Thursday!F64,Friday!F64) -> 2.792 | E8: =MEDIAN(Monday!F64,Tuesday!F64,Wednesday!F64,Thursday!F64,Friday!F64) -> 2.75 | F8: =AVERAGE(Monday!F122,Tuesday!F122,Wednesday!F122,Thursday!F122,Friday!F122) -> 2.864 | G8: =MEDIAN(Monday!F122,Tuesday!F122,Wednesday!F122,Thursday!F122,Friday!F122) -> 2.88 | H8: =AVERAGE(Monday!F180,Tuesday!F180,Wednesday!F180,Thursday!F180,Friday!F180) -> 2.962 | I8: =MEDIAN(Monday!F180,Tuesday!F180,Wednesday!F180,Thursday!F180,Friday!F180) -> 2.92 | J8: =AVERAGE(Monday!F238,Tuesday!F238,Wednesday!F238,Thursday!F238,Friday!F238) -> 2.97 | K8: =MEDIAN(Monday!F238,Tuesday!F238,Wednesday!F238,Thursday!F238,Friday!F238) -> 2.97 | L8: =AVERAGE(Monday!F296,Tuesday!F296,Wednesday!F296,Thursday!F296,Friday!F296) -> 3.096 | M8: =MEDIAN(Monday!F296,Tuesday!F296,Wednesday!F296,Thursday!F296,Friday!F296) -> 3.15 | N8: =AVERAGE(Monday!F354,Tuesday!F354,Wednesday!F354,Thursday!F354,Friday!F354) -> 3.158 | O8: =MEDIAN(Monday!F354,Tuesday!F354,Wednesday!F354,Thursday!F354,Friday!F354) -> 3.15 | P8: =AVERAGE(Monday!F412,Tuesday!F412,Wednesday!F412,Thursday!F412,Friday!F412) -> 3.194 | Q8: =MEDIAN(Monday!F412,Tuesday!F412,Wednesday!F412,Thursday!F412,Friday!F412) -> 3.17 | R8: =AVERAGE(Monday!F470,Tuesday!F470,Wednesday!F470,Thursday!F470,Friday!F470) -> 3.242 | S8: =MEDIAN(Monday!F470,Tuesday!F470,Wednesday!F470,Thursday!F470,Friday!F470) -> 3.2 | T8: =AVERAGE(Monday!F528,Tuesday!F528,Wednesday!F528,Thursday!F528,Friday!F528) -> 3.194 | U8: =MEDIAN(Monday!F528,Tuesday!F528,Wednesday!F528,Thursday!F528,Friday!F528) -> 3.27 | V8: =AVERAGE(Monday!F586,Tuesday!F586,Wednesday!F586,Thursday!F586,Friday!F586) -> 3.312 | W8: =MEDIAN(Monday!F586,Tuesday!F586,Wednesday!F586,Thursday!F586,Friday!F586) -> 3.33 | X8: =AVERAGE(Monday!F644,Tuesday!F644,Wednesday!F644,Thursday!F644,Friday!F644) -> 3.306 | Y8: =MEDIAN(Monday!F644,Tuesday!F644,Wednesday!F644,Thursday!F644,Friday!F644) -> 3.32 | Z8: =AVERAGE(Monday!F702,Tuesday!F702,Wednesday!F702,Thursday!F702,Friday!F702) -> 3.338 | AA8: =MEDIAN(Monday!F702,Tuesday!F702,Wednesday!F702,Thursday!F702,Friday!F702) -> 3.3 | AB8: =AVERAGE(Monday!F760,Tuesday!F760,Wednesday!F760,Thursday!F760,Friday!F760) -> 3.66 | AC8: =MEDIAN(Monday!F760,Tuesday!F760,Wednesday!F760,Thursday!F760,Friday!F760) -> 3.65 | AD8: =AVERAGE(Monday!F818,Tuesday!F818,Wednesday!F818,Thursday!F818,Friday!F818) -> 3.822 | AE8: =MEDIAN(Monday!F818,Tuesday!F818,Wednesday!F818,Thursday!F818,Friday!F818) -> 3.92 | AF8: =AVERAGE(Monday!F876,Tuesday!F876,Wednesday!F876,Thursday!F876,Friday!F876) -> 3.914 | AG8: =MEDIAN(Monday!F876,Tuesday!F876,Wednesday!F876,Thursday!F876,Friday!F876) -> 3.97 | AH8: =AVERAGE(Monday!F934,Tuesday!F934,Wednesday!F934,Thursday!F934,Friday!F934) -> 3.958 | AI8: =MEDIAN(Monday!F934,Tuesday!F934,Wednesday!F934,Thursday!F934,Friday!F934) -> 3.87 | AJ8: =AVERAGE(Monday!F992,Tuesday!F992,Wednesday!F992,Thursday!F992,Friday!F992) -> 4.028 | AK8: =MEDIAN(Monday!F992,Tuesday!F992,Wednesday!F992,Thursday!F992,Friday!F992) -> 4.22 | AL8: =AVERAGE(Monday!F1050,Tuesday!F1050,Wednesday!F1050,Thursday!F1050,Friday!F1050) -> 3.878 | AM8: =MEDIAN(Monday!F1050,Tuesday!F1050,Wednesday!F1050,Thursday!F1050,Friday!F1050) -> 3.88 | AN8: =AVERAGE(Monday!F1108,Tuesday!F1108,Wednesday!F1108,Thursday!F1108,Friday!F1108) -> 3.836 | AO8: =MEDIAN(Monday!F1108,Tuesday!F1108,Wednesday!F1108,Thursday!F1108,Friday!F1108) -> 3.73 | AP8: =AVERAGE(Monday!F1166,Tuesday!F1166,Wednesday!F1166,Thursday!F1166,Friday!F1166) -> 3.722 | AQ8: =MEDIAN(Monday!F1166,Tuesday!F1166,Wednesday!F1166,Thursday!F1166,Friday!F1166) -> 3.75 | AR8: =AVERAGE(Monday!F1224,Tuesday!F1224,Wednesday!F1224,Thursday!F1224,Friday!F1224) -> 4.542 | AS8: =MEDIAN(Monday!F1224,Tuesday!F1224,Wednesday!F1224,Thursday!F1224,Friday!F1224) -> 4.17 | AT8: =AVERAGE(Monday!F1282,Tuesday!F1282,Wednesday!F1282,Thursday!F1282,Friday!F1282) -> 5.258 | AU8: =MEDIAN(Monday!F1282,Tuesday!F1282,Wednesday!F1282,Thursday!F1282,Friday!F1282) -> 5.07 | AV8: =AVERAGE(Monday!F1340,Tuesday!F1340,Wednesday!F1340,Thursday!F1340,Friday!F1340) -> 5.434 | AW8: =MEDIAN(Monday!F1340,Tuesday!F1340,Wednesday!F1340,Thursday!F1340,Friday!F1340) -> 4.67 | AX8: =AVERAGE(Monday!F1398,Tuesday!F1398,Wednesday!F1398,Thursday!F1398,Friday!F1398) -> 4.764 | AY8: =MEDIAN(Monday!F1398,Tuesday!F1398,Wednesday!F1398,Thursday!F1398,Friday!F1398) -> 4.53 | AZ8: =AVERAGE(Monday!F1456,Tuesday!F1456,Wednesday!F1456,Thursday!F1456,Friday!F1456) -> 4.424 | BA8: =MEDIAN(Monday!F1456,Tuesday!F1456,Wednesday!F1456,Thursday!F1456,Friday!F1456) -> 4.07 | BB8: 5 | BC8: =AVERAGE(B8,D8,F8,H8,J8,L8,N8,P8,R8,T8,V8,X8,Z8,AB8,AD8,AF8,AH8,AJ8,AL8,AN8,AP8,AR8,AT8,AV8,AX8,AZ8) -> 3.6666923 | BD8: =MEDIAN(C8,E8,G8,I8,K8,M8,O8,Q8,S8,U8,W8,Y8,AA8,AC8,AE8,AG8,AI8,AK8,AM8,AO8,AQ8,AS8,AU8,AW8,AY8,BA8) -> 3.49
A9: 6 | B9: =AVERAGE(Monday!F7,Tuesday!F7,Wednesday!F7,Thursday!F7,Friday!F7) -> 2.394 | C9: =MEDIAN(Monday!F7,Tuesday!F7,Wednesday!F7,Thursday!F7,Friday!F7) -> 2.42 | D9: =AVERAGE(Monday!F65,Tuesday!F65,Wednesday!F65,Thursday!F65,Friday!F65) -> 2.436 | E9: =MEDIAN(Monday!F65,Tuesday!F65,Wednesday!F65,Thursday!F65,Friday!F65) -> 2.43 | F9: =AVERAGE(Monday!F123,Tuesday!F123,Wednesday!F123,Thursday!F123,Friday!F123) -> 2.524 | G9: =MEDIAN(Monday!F123,Tuesday!F123,Wednesday!F123,Thursday!F123,Friday!F123) -> 2.52 | H9: =AVERAGE(Monday!F181,Tuesday!F181,Wednesday!F181,Thursday!F181,Friday!F181) -> 2.564 | I9: =MEDIAN(Monday!F181,Tuesday!F181,Wednesday!F181,Thursday!F181,Friday!F181) -> 2.57 | J9: =AVERAGE(Monday!F239,Tuesday!F239,Wednesday!F239,Thursday!F239,Friday!F239) -> 2.634 | K9: =MEDIAN(Monday!F239,Tuesday!F239,Wednesday!F239,Thursday!F239,Friday!F239) -> 2.62 | L9: =AVERAGE(Monday!F297,Tuesday!F297,Wednesday!F297,Thursday!F297,Friday!F297) -> 2.68 | M9: =MEDIAN(Monday!F297,Tuesday!F297,Wednesday!F297,Thursday!F297,Friday!F297) -> 2.67 | N9: =AVERAGE(Monday!F355,Tuesday!F355,Wednesday!F355,Thursday!F355,Friday!F355) -> 2.768 | O9: =MEDIAN(Monday!F355,Tuesday!F355,Wednesday!F355,Thursday!F355,Friday!F355) -> 2.77 | P9: =AVERAGE(Monday!F413,Tuesday!F413,Wednesday!F413,Thursday!F413,Friday!F413) -> 2.716 | Q9: =MEDIAN(Monday!F413,Tuesday!F413,Wednesday!F413,Thursday!F413,Friday!F413) -> 2.73 | R9: =AVERAGE(Monday!F471,Tuesday!F471,Wednesday!F471,Thursday!F471,Friday!F471) -> 2.686 | S9: =MEDIAN(Monday!F471,Tuesday!F471,Wednesday!F471,Thursday!F471,Friday!F471) -> 2.68 | T9: =AVERAGE(Monday!F529,Tuesday!F529,Wednesday!F529,Thursday!F529,Friday!F529) -> 2.634 | U9: =MEDIAN(Monday!F529,Tuesday!F529,Wednesday!F529,Thursday!F529,Friday!F529) -> 2.65 | V9: =AVERAGE(Monday!F587,Tuesday!F587,Wednesday!F587,Thursday!F587,Friday!F587) -> 2.746 | W9: =MEDIAN(Monday!F587,Tuesday!F587,Wednesday!F587,Thursday!F587,Friday!F587) -> 2.75 | X9: =AVERAGE(Monday!F645,Tuesday!F645,Wednesday!F645,Thursday!F645,Friday!F645) -> 2.706 | Y9: =MEDIAN(Monday!F645,Tuesday!F645,Wednesday!F645,Thursday!F645,Friday!F645) -> 2.67 | Z9: =AVERAGE(Monday!F703,Tuesday!F703,Wednesday!F703,Thursday!F703,Friday!F703) -> 2.71 | AA9: =MEDIAN(Monday!F703,Tuesday!F703,Wednesday!F703,Thursday!F703,Friday!F703) -> 2.72 | AB9: =AVERAGE(Monday!F761,Tuesday!F761,Wednesday!F761,Thursday!F761,Friday!F761) -> 2.736 | AC9: =MEDIAN(Monday!F761,Tuesday!F761,Wednesday!F761,Thursday!F761,Friday!F761) -> 2.73 | AD9: =AVERAGE(Monday!F819,Tuesday!F819,Wednesday!F819,Thursday!F819,Friday!F819) -> 2.778 | AE9: =MEDIAN(Monday!F819,Tuesday!F819,Wednesday!F819,Thursday!F819,Friday!F819) -> 2.78 | AF9: =AVERAGE(Monday!F877,Tuesday!F877,Wednesday!F877,Thursday!F877,Friday!F877) -> 2.85 | AG9: =MEDIAN(Monday!F877,Tuesday!F877,Wednesday!F877,Thursday!F877,Friday!F877) -> 2.83 | AH9: =AVERAGE(Monday!F935,Tuesday!F935,Wednesday!F935,Thursday!F935,Friday!F935) -> 2.946 | AI9: =MEDIAN(Monday!F935,Tuesday!F935,Wednesday!F935,Thursday!F935,Friday!F935) -> 2.85 | AJ9: =AVERAGE(Monday!F993,Tuesday!F993,Wednesday!F993,Thursday!F993,Friday!F993) -> 2.86 | AK9: =MEDIAN(Monday!F993,Tuesday!F993,Wednesday!F993,Thursday!F993,Friday!F993) -> 2.82 | AL9: =AVERAGE(Monday!F1051,Tuesday!F1051,Wednesday!F1051,Thursday!F1051,Friday!F1051) -> 2.876 | AM9: =MEDIAN(Monday!F1051,Tuesday!F1051,Wednesday!F1051,Thursday!F1051,Friday!F1051) -> 2.78 | AN9: =AVERAGE(Monday!F1109,Tuesday!F1109,Wednesday!F1109,Thursday!F1109,Friday!F1109) -> 2.85 | AO9: =MEDIAN(Monday!F1109,Tuesday!F1109,Wednesday!F1109,Thursday!F1109,Friday!F1109) -> 2.85 | AP9: =AVERAGE(Monday!F1167,Tuesday!F1167,Wednesday!F1167,Thursday!F1167,Friday!F1167) -> 2.738 | AQ9: =MEDIAN(Monday!F1167,Tuesday!F1167,Wednesday!F1167,Thursday!F1167,Friday!F1167) -> 2.73 | AR9: =AVERAGE(Monday!F1225,Tuesday!F1225,Wednesday!F1225,Thursday!F1225,Friday!F1225) -> 2.75 | AS9: =MEDIAN(Monday!F1225,Tuesday!F1225,Wednesday!F1225,Thursday!F1225,Friday!F1225) -> 2.8 | AT9: =AVERAGE(Monday!F1283,Tuesday!F1283,Wednesday!F1283,Thursday!F1283,Friday!F1283) -> 2.824 | AU9: =MEDIAN(Monday!F1283,Tuesday!F1283,Wednesday!F1283,Thursday!F1283,Friday!F1283) -> 2.82 | AV9: =AVERAGE(Monday!F1341,Tuesday!F1341,Wednesday!F1341,Thursday!F1341,Friday!F1341) -> 2.726 | AW9: =MEDIAN(Monday!F1341,Tuesday!F1341,Wednesday!F1341,Thursday!F1341,Friday!F1341) -> 2.72 | AX9: =AVERAGE(Monday!F1399,Tuesday!F1399,Wednesday!F1399,Thursday!F1399,Friday!F1399) -> 2.726 | AY9: =MEDIAN(Monday!F1399,Tuesday!F1399,Wednesday!F1399,Thursday!F1399,Friday!F1399) -> 2.72 | AZ9: =AVERAGE(Monday!F1457,Tuesday!F1457,Wednesday!F1457,Thursday!F1457,Friday!F1457) -> 2.77 | BA9: =MEDIAN(Monday!F1457,Tuesday!F1457,Wednesday!F1457,Thursday!F1457,Friday!F1457) -> 2.8 | BB9: 6 | BC9: =AVERAGE(B9,D9,F9,H9,J9,L9,N9,P9,R9,T9,V9,X9,Z9,AB9,AD9,AF9,AH9,AJ9,AL9,AN9,AP9,AR9,AT9,AV9,AX9,AZ9) -> 2.7164615 | BD9: =MEDIAN(C9,E9,G9,I9,K9,M9,O9,Q9,S9,U9,W9,Y9,AA9,AC9,AE9,AG9,AI9,AK9,AM9,AO9,AQ9,AS9,AU9,AW9,AY9,BA9) -> 2.73
A10: 7 | B10: =AVERAGE(Monday!F8,Tuesday!F8,Wednesday!F8,Thursday!F8,Friday!F8) -> 2.45 | C10: =MEDIAN(Monday!F8,Tuesday!F8,Wednesday!F8,Thursday!F8,Friday!F8) -> 2.45 | D10: =AVERAGE(Monday!F66,Tuesday!F66,Wednesday!F66,Thursday!F66,Friday!F66) -> 2.51 | E10: =MEDIAN(Monday!F66,Tuesday!F66,Wednesday!F66,Thursday!F66,Friday!F66) -> 2.52 | F10: =AVERAGE(Monday!F124,Tuesday!F124,Wednesday!F124,Thursday!F124,Friday!F124) -> 2.562 | G10: =MEDIAN(Monday!F124,Tuesday!F124,Wednesday!F124,Thursday!F124,Friday!F124) -> 2.57 | H10: =AVERAGE(Monday!F182,Tuesday!F182,Wednesday!F182,Thursday!F182,Friday!F182) -> 2.552 | I10: =MEDIAN(Monday!F182,Tuesday!F182,Wednesday!F182,Thursday!F182,Friday!F182) -> 2.55 | J10: =AVERAGE(Monday!F240,Tuesday!F240,Wednesday!F240,Thursday!F240,Friday!F240) -> 2.66 | K10: =MEDIAN(Monday!F240,Tuesday!F240,Wednesday!F240,Thursday!F240,Friday!F240) -> 2.68 | L10: =AVERAGE(Monday!F298,Tuesday!F298,Wednesday!F298,Thursday!F298,Friday!F298) -> 2.716 | M10: =MEDIAN(Monday!F298,Tuesday!F298,Wednesday!F298,Thursday!F298,Friday!F298) -> 2.7 | N10: =AVERAGE(Monday!F356,Tuesday!F356,Wednesday!F356,Thursday!F356,Friday!F356) -> 2.732 | O10: =MEDIAN(Monday!F356,Tuesday!F356,Wednesday!F356,Thursday!F356,Friday!F356) -> 2.73 | P10: =AVERAGE(Monday!F414,Tuesday!F414,Wednesday!F414,Thursday!F414,Friday!F414) -> 2.688 | Q10: =MEDIAN(Monday!F414,Tuesday!F414,Wednesday!F414,Thursday!F414,Friday!F414) -> 2.73 | R10: =AVERAGE(Monday!F472,Tuesday!F472,Wednesday!F472,Thursday!F472,Friday!F472) -> 2.644 | S10: =MEDIAN(Monday!F472,Tuesday!F472,Wednesday!F472,Thursday!F472,Friday!F472) -> 2.67 | T10: =AVERAGE(Monday!F530,Tuesday!F530,Wednesday!F530,Thursday!F530,Friday!F530) -> 2.606 | U10: =MEDIAN(Monday!F530,Tuesday!F530,Wednesday!F530,Thursday!F530,Friday!F530) -> 2.63 | V10: =AVERAGE(Monday!F588,Tuesday!F588,Wednesday!F588,Thursday!F588,Friday!F588) -> 2.712 | W10: =MEDIAN(Monday!F588,Tuesday!F588,Wednesday!F588,Thursday!F588,Friday!F588) -> 2.67 | X10: =AVERAGE(Monday!F646,Tuesday!F646,Wednesday!F646,Thursday!F646,Friday!F646) -> 2.664 | Y10: =MEDIAN(Monday!F646,Tuesday!F646,Wednesday!F646,Thursday!F646,Friday!F646) -> 2.63 | Z10: =AVERAGE(Monday!F704,Tuesday!F704,Wednesday!F704,Thursday!F704,Friday!F704) -> 2.694 | AA10: =MEDIAN(Monday!F704,Tuesday!F704,Wednesday!F704,Thursday!F704,Friday!F704) -> 2.68 | AB10: =AVERAGE(Monday!F762,Tuesday!F762,Wednesday!F762,Thursday!F762,Friday!F762) -> 2.65 | AC10: =MEDIAN(Monday!F762,Tuesday!F762,Wednesday!F762,Thursday!F762,Friday!F762) -> 2.68 | AD10: =AVERAGE(Monday!F820,Tuesday!F820,Wednesday!F820,Thursday!F820,Friday!F820) -> 2.73 | AE10: =MEDIAN(Monday!F820,Tuesday!F820,Wednesday!F820,Thursday!F820,Friday!F820) -> 2.75 | AF10: =AVERAGE(Monday!F878,Tuesday!F878,Wednesday!F878,Thursday!F878,Friday!F878) -> 2.756 | AG10: =MEDIAN(Monday!F878,Tuesday!F878,Wednesday!F878,Thursday!F878,Friday!F878) -> 2.73 | AH10: =AVERAGE(Monday!F936,Tuesday!F936,Wednesday!F936,Thursday!F936,Friday!F936) -> 2.698 | AI10: =MEDIAN(Monday!F936,Tuesday!F936,Wednesday!F936,Thursday!F936,Friday!F936) -> 2.73 | AJ10: =AVERAGE(Monday!F994,Tuesday!F994,Wednesday!F994,Thursday!F994,Friday!F994) -> 2.846 | AK10: =MEDIAN(Monday!F994,Tuesday!F994,Wednesday!F994,Thursday!F994,Friday!F994) -> 2.85 | AL10: =AVERAGE(Monday!F1052,Tuesday!F1052,Wednesday!F1052,Thursday!F1052,Friday!F1052) -> 2.772 | AM10: =MEDIAN(Monday!F1052,Tuesday!F1052,Wednesday!F1052,Thursday!F1052,Friday!F1052) -> 2.75 | AN10: =AVERAGE(Monday!F1110,Tuesday!F1110,Wednesday!F1110,Thursday!F1110,Friday!F1110) -> 2.712 | AO10: =MEDIAN(Monday!F1110,Tuesday!F1110,Wednesday!F1110,Thursday!F1110,Friday!F1110) -> 2.73 | AP10: =AVERAGE(Monday!F1168,Tuesday!F1168,Wednesday!F1168,Thursday!F1168,Friday!F1168) -> 2.732 | AQ10: =MEDIAN(Monday!F1168,Tuesday!F1168,Wednesday!F1168,Thursday!F1168,Friday!F1168) -> 2.8 | AR10: =AVERAGE(Monday!F1226,Tuesday!F1226,Wednesday!F1226,Thursday!F1226,Friday!F1226) -> 2.772 | AS10: =MEDIAN(Monday!F1226,Tuesday!F1226,Wednesday!F1226,Thursday!F1226,Friday!F1226) -> 2.75 | AT10: =AVERAGE(Monday!F1284,Tuesday!F1284,Wednesday!F1284,Thursday!F1284,Friday!F1284) -> 2.726 | AU10: =MEDIAN(Monday!F1284,Tuesday!F1284,Wednesday!F1284,Thursday!F1284,Friday!F1284) -> 2.7 | AV10: =AVERAGE(Monday!F1342,Tuesday!F1342,Wednesday!F1342,Thursday!F1342,Friday!F1342) -> 2.738 | AW10: =MEDIAN(Monday!F1342,Tuesday!F1342,Wednesday!F1342,Thursday!F1342,Friday!F1342) -> 2.77 | AX10: =AVERAGE(Monday!F1400,Tuesday!F1400,Wednesday!F1400,Thursday!F1400,Friday!F1400) -> 2.686 | AY10: =MEDIAN(Monday!F1400,Tuesday!F1400,Wednesday!F1400,Thursday!F1400,Friday!F1400) -> 2.67 | AZ10: =AVERAGE(Monday!F1458,Tuesday!F1458,Wednesday!F1458,Thursday!F1458,Friday!F1458) -> 2.716 | BA10: =MEDIAN(Monday!F1458,Tuesday!F1458,Wednesday!F1458,Thursday!F1458,Friday!F1458) -> 2.7 | BB10: 7 | BC10: =AVERAGE(B10,D10,F10,H10,J10,L10,N10,P10,R10,T10,V10,X10,Z10,AB10,AD10,AF10,AH10,AJ10,AL10,AN10,AP10,AR10,AT10,AV10,AX10,AZ10) -> 2.6816923 | BD10: =MEDIAN(C10,E10,G10,I10,K10,M10,O10,Q10,S10,U10,W10,Y10,AA10,AC10,AE10,AG10,AI10,AK10,AM10,AO10,AQ10,AS10,AU10,AW10,AY10,BA10) -> 2.7
A11: 8 | B11: =AVERAGE(Monday!F9,Tuesday!F9,Wednesday!F9,Thursday!F9,Friday!F9) -> 2.73 | C11: =MEDIAN(Monday!F9,Tuesday!F9,Wednesday!F9,Thursday!F9,Friday!F9) -> 2.73 | D11: =AVERAGE(Monday!F67,Tuesday!F67,Wednesday!F67,Thursday!F67,Friday!F67) -> 2.854 | E11: =MEDIAN(Monday!F67,Tuesday!F67,Wednesday!F67,Thursday!F67,Friday!F67) -> 2.85 | F11: =AVERAGE(Monday!F125,Tuesday!F125,Wednesday!F125,Thursday!F125,Friday!F125) -> 3.036 | G11: =MEDIAN(Monday!F125,Tuesday!F125,Wednesday!F125,Thursday!F125,Friday!F125) -> 3.05 | H11: =AVERAGE(Monday!F183,Tuesday!F183,Wednesday!F183,Thursday!F183,Friday!F183) -> 3.032 | I11: =MEDIAN(Monday!F183,Tuesday!F183,Wednesday!F183,Thursday!F183,Friday!F183) -> 3.08 | J11: =AVERAGE(Monday!F241,Tuesday!F241,Wednesday!F241,Thursday!F241,Friday!F241) -> 3.342 | K11: =MEDIAN(Monday!F241,Tuesday!F241,Wednesday!F241,Thursday!F241,Friday!F241) -> 3.33 | L11: =AVERAGE(Monday!F299,Tuesday!F299,Wednesday!F299,Thursday!F299,Friday!F299) -> 3.6 | M11: =MEDIAN(Monday!F299,Tuesday!F299,Wednesday!F299,Thursday!F299,Friday!F299) -> 3.57 | N11: =AVERAGE(Monday!F357,Tuesday!F357,Wednesday!F357,Thursday!F357,Friday!F357) -> 3.524 | O11: =MEDIAN(Monday!F357,Tuesday!F357,Wednesday!F357,Thursday!F357,Friday!F357) -> 3.52 | P11: =AVERAGE(Monday!F415,Tuesday!F415,Wednesday!F415,Thursday!F415,Friday!F415) -> 3.494 | Q11: =MEDIAN(Monday!F415,Tuesday!F415,Wednesday!F415,Thursday!F415,Friday!F415) -> 3.5 | R11: =AVERAGE(Monday!F473,Tuesday!F473,Wednesday!F473,Thursday!F473,Friday!F473) -> 3.304 | S11: =MEDIAN(Monday!F473,Tuesday!F473,Wednesday!F473,Thursday!F473,Friday!F473) -> 3.32 | T11: =AVERAGE(Monday!F531,Tuesday!F531,Wednesday!F531,Thursday!F531,Friday!F531) -> 3.256 | U11: =MEDIAN(Monday!F531,Tuesday!F531,Wednesday!F531,Thursday!F531,Friday!F531) -> 3.28 | V11: =AVERAGE(Monday!F589,Tuesday!F589,Wednesday!F589,Thursday!F589,Friday!F589) -> 3.37 | W11: =MEDIAN(Monday!F589,Tuesday!F589,Wednesday!F589,Thursday!F589,Friday!F589) -> 3.33 | X11: =AVERAGE(Monday!F647,Tuesday!F647,Wednesday!F647,Thursday!F647,Friday!F647) -> 3.268 | Y11: =MEDIAN(Monday!F647,Tuesday!F647,Wednesday!F647,Thursday!F647,Friday!F647) -> 3.23 | Z11: =AVERAGE(Monday!F705,Tuesday!F705,Wednesday!F705,Thursday!F705,Friday!F705) -> 3.332 | AA11: =MEDIAN(Monday!F705,Tuesday!F705,Wednesday!F705,Thursday!F705,Friday!F705) -> 3.35 | AB11: =AVERAGE(Monday!F763,Tuesday!F763,Wednesday!F763,Thursday!F763,Friday!F763) -> 3.254 | AC11: =MEDIAN(Monday!F763,Tuesday!F763,Wednesday!F763,Thursday!F763,Friday!F763) -> 3.25 | AD11: =AVERAGE(Monday!F821,Tuesday!F821,Wednesday!F821,Thursday!F821,Friday!F821) -> 3.44 | AE11: =MEDIAN(Monday!F821,Tuesday!F821,Wednesday!F821,Thursday!F821,Friday!F821) -> 3.45 | AF11: =AVERAGE(Monday!F879,Tuesday!F879,Wednesday!F879,Thursday!F879,Friday!F879) -> 3.442 | AG11: =MEDIAN(Monday!F879,Tuesday!F879,Wednesday!F879,Thursday!F879,Friday!F879) -> 3.43 | AH11: =AVERAGE(Monday!F937,Tuesday!F937,Wednesday!F937,Thursday!F937,Friday!F937) -> 3.354 | AI11: =MEDIAN(Monday!F937,Tuesday!F937,Wednesday!F937,Thursday!F937,Friday!F937) -> 3.35 | AJ11: =AVERAGE(Monday!F995,Tuesday!F995,Wednesday!F995,Thursday!F995,Friday!F995) -> 3.394 | AK11: =MEDIAN(Monday!F995,Tuesday!F995,Wednesday!F995,Thursday!F995,Friday!F995) -> 3.38 | AL11: =AVERAGE(Monday!F1053,Tuesday!F1053,Wednesday!F1053,Thursday!F1053,Friday!F1053) -> 3.352 | AM11: =MEDIAN(Monday!F1053,Tuesday!F1053,Wednesday!F1053,Thursday!F1053,Friday!F1053) -> 3.35 | AN11: =AVERAGE(Monday!F1111,Tuesday!F1111,Wednesday!F1111,Thursday!F1111,Friday!F1111) -> 3.226 | AO11: =MEDIAN(Monday!F1111,Tuesday!F1111,Wednesday!F1111,Thursday!F1111,Friday!F1111) -> 3.28 | AP11: =AVERAGE(Monday!F1169,Tuesday!F1169,Wednesday!F1169,Thursday!F1169,Friday!F1169) -> 3.424 | AQ11: =MEDIAN(Monday!F1169,Tuesday!F1169,Wednesday!F1169,Thursday!F1169,Friday!F1169) -> 3.43 | AR11: =AVERAGE(Monday!F1227,Tuesday!F1227,Wednesday!F1227,Thursday!F1227,Friday!F1227) -> 3.302 | AS11: =MEDIAN(Monday!F1227,Tuesday!F1227,Wednesday!F1227,Thursday!F1227,Friday!F1227) -> 3.33 | AT11: =AVERAGE(Monday!F1285,Tuesday!F1285,Wednesday!F1285,Thursday!F1285,Friday!F1285) -> 3.344 | AU11: =MEDIAN(Monday!F1285,Tuesday!F1285,Wednesday!F1285,Thursday!F1285,Friday!F1285) -> 3.4 | AV11: =AVERAGE(Monday!F1343,Tuesday!F1343,Wednesday!F1343,Thursday!F1343,Friday!F1343) -> 3.24 | AW11: =MEDIAN(Monday!F1343,Tuesday!F1343,Wednesday!F1343,Thursday!F1343,Friday!F1343) -> 3.25 | AX11: =AVERAGE(Monday!F1401,Tuesday!F1401,Wednesday!F1401,Thursday!F1401,Friday!F1401) -> 3.234 | AY11: =MEDIAN(Monday!F1401,Tuesday!F1401,Wednesday!F1401,Thursday!F1401,Friday!F1401) -> 3.18 | AZ11: =AVERAGE(Monday!F1459,Tuesday!F1459,Wednesday!F1459,Thursday!F1459,Friday!F1459) -> 3.236 | BA11: =MEDIAN(Monday!F1459,Tuesday!F1459,Wednesday!F1459,Thursday!F1459,Friday!F1459) -> 3.23 | BB11: 8 | BC11: =AVERAGE(B11,D11,F11,H11,J11,L11,N11,P11,R11,T11,V11,X11,Z11,AB11,AD11,AF11,AH11,AJ11,AL11,AN11,AP11,AR11,AT11,AV11,AX11,AZ11) -> 3.284 | BD11: =MEDIAN(C11,E11,G11,I11,K11,M11,O11,Q11,S11,U11,W11,Y11,AA11,AC11,AE11,AG11,AI11,AK11,AM11,AO11,AQ11,AS11,AU11,AW11,AY11,BA11) -> 3.33
A12: 9 | B12: =AVERAGE(Monday!F10,Tuesday!F10,Wednesday!F10,Thursday!F10,Friday!F10) -> 2.674 | C12: =MEDIAN(Monday!F10,Tuesday!F10,Wednesday!F10,Thursday!F10,Friday!F10) -> 2.65 | D12: =AVERAGE(Monday!F68,Tuesday!F68,Wednesday!F68,Thursday!F68,Friday!F68) -> 2.756 | E12: =MEDIAN(Monday!F68,Tuesday!F68,Wednesday!F68,Thursday!F68,Friday!F68) -> 2.73 | F12: =AVERAGE(Monday!F126,Tuesday!F126,Wednesday!F126,Thursday!F126,Friday!F126) -> 2.994 | G12: =MEDIAN(Monday!F126,Tuesday!F126,Wednesday!F126,Thursday!F126,Friday!F126) -> 2.98 | H12: =AVERAGE(Monday!F184,Tuesday!F184,Wednesday!F184,Thursday!F184,Friday!F184) -> 3.124 | I12: =MEDIAN(Monday!F184,Tuesday!F184,Wednesday!F184,Thursday!F184,Friday!F184) -> 3.13 | J12: =AVERAGE(Monday!F242,Tuesday!F242,Wednesday!F242,Thursday!F242,Friday!F242) -> 3.656 | K12: =MEDIAN(Monday!F242,Tuesday!F242,Wednesday!F242,Thursday!F242,Friday!F242) -> 3.62 | L12: =AVERAGE(Monday!F300,Tuesday!F300,Wednesday!F300,Thursday!F300,Friday!F300) -> 4.618 | M12: =MEDIAN(Monday!F300,Tuesday!F300,Wednesday!F300,Thursday!F300,Friday!F300) -> 4.57 | N12: =AVERAGE(Monday!F358,Tuesday!F358,Wednesday!F358,Thursday!F358,Friday!F358) -> 5.484 | O12: =MEDIAN(Monday!F358,Tuesday!F358,Wednesday!F358,Thursday!F358,Friday!F358) -> 4.98 | P12: =AVERAGE(Monday!F416,Tuesday!F416,Wednesday!F416,Thursday!F416,Friday!F416) -> 5.104 | Q12: =MEDIAN(Monday!F416,Tuesday!F416,Wednesday!F416,Thursday!F416,Friday!F416) -> 5.02 | R12: =AVERAGE(Monday!F474,Tuesday!F474,Wednesday!F474,Thursday!F474,Friday!F474) -> 4.632 | S12: =MEDIAN(Monday!F474,Tuesday!F474,Wednesday!F474,Thursday!F474,Friday!F474) -> 4.52 | T12: =AVERAGE(Monday!F532,Tuesday!F532,Wednesday!F532,Thursday!F532,Friday!F532) -> 4.582 | U12: =MEDIAN(Monday!F532,Tuesday!F532,Wednesday!F532,Thursday!F532,Friday!F532) -> 4.12 | V12: =AVERAGE(Monday!F590,Tuesday!F590,Wednesday!F590,Thursday!F590,Friday!F590) -> 4.754 | W12: =MEDIAN(Monday!F590,Tuesday!F590,Wednesday!F590,Thursday!F590,Friday!F590) -> 4.58 | X12: =AVERAGE(Monday!F648,Tuesday!F648,Wednesday!F648,Thursday!F648,Friday!F648) -> 4.718 | Y12: =MEDIAN(Monday!F648,Tuesday!F648,Wednesday!F648,Thursday!F648,Friday!F648) -> 4.83 | Z12: =AVERAGE(Monday!F706,Tuesday!F706,Wednesday!F706,Thursday!F706,Friday!F706) -> 4.666 | AA12: =MEDIAN(Monday!F706,Tuesday!F706,Wednesday!F706,Thursday!F706,Friday!F706) -> 3.85 | AB12: =AVERAGE(Monday!F764,Tuesday!F764,Wednesday!F764,Thursday!F764,Friday!F764) -> 3.886 | AC12: =MEDIAN(Monday!F764,Tuesday!F764,Wednesday!F764,Thursday!F764,Friday!F764) -> 3.82 | AD12: =AVERAGE(Monday!F822,Tuesday!F822,Wednesday!F822,Thursday!F822,Friday!F822) -> 4.146 | AE12: =MEDIAN(Monday!F822,Tuesday!F822,Wednesday!F822,Thursday!F822,Friday!F822) -> 3.87 | AF12: =AVERAGE(Monday!F880,Tuesday!F880,Wednesday!F880,Thursday!F880,Friday!F880) -> 4.156 | AG12: =MEDIAN(Monday!F880,Tuesday!F880,Wednesday!F880,Thursday!F880,Friday!F880) -> 3.87 | AH12: =AVERAGE(Monday!F938,Tuesday!F938,Wednesday!F938,Thursday!F938,Friday!F938) -> 4.17 | AI12: =MEDIAN(Monday!F938,Tuesday!F938,Wednesday!F938,Thursday!F938,Friday!F938) -> 3.75 | AJ12: =AVERAGE(Monday!F996,Tuesday!F996,Wednesday!F996,Thursday!F996,Friday!F996) -> 4.24 | AK12: =MEDIAN(Monday!F996,Tuesday!F996,Wednesday!F996,Thursday!F996,Friday!F996) -> 3.98 | AL12: =AVERAGE(Monday!F1054,Tuesday!F1054,Wednesday!F1054,Thursday!F1054,Friday!F1054) -> 3.962 | AM12: =MEDIAN(Monday!F1054,Tuesday!F1054,Wednesday!F1054,Thursday!F1054,Friday!F1054) -> 3.78 | AN12: =AVERAGE(Monday!F1112,Tuesday!F1112,Wednesday!F1112,Thursday!F1112,Friday!F1112) -> 3.822 | AO12: =MEDIAN(Monday!F1112,Tuesday!F1112,Wednesday!F1112,Thursday!F1112,Friday!F1112) -> 3.6 | AP12: =AVERAGE(Monday!F1170,Tuesday!F1170,Wednesday!F1170,Thursday!F1170,Friday!F1170) -> 4.3 | AQ12: =MEDIAN(Monday!F1170,Tuesday!F1170,Wednesday!F1170,Thursday!F1170,Friday!F1170) -> 4.03 | AR12: =AVERAGE(Monday!F1228,Tuesday!F1228,Wednesday!F1228,Thursday!F1228,Friday!F1228) -> 4.25 | AS12: =MEDIAN(Monday!F1228,Tuesday!F1228,Wednesday!F1228,Thursday!F1228,Friday!F1228) -> 4.02 | AT12: =AVERAGE(Monday!F1286,Tuesday!F1286,Wednesday!F1286,Thursday!F1286,Friday!F1286) -> 4.39 | AU12: =MEDIAN(Monday!F1286,Tuesday!F1286,Wednesday!F1286,Thursday!F1286,Friday!F1286) -> 4.37 | AV12: =AVERAGE(Monday!F1344,Tuesday!F1344,Wednesday!F1344,Thursday!F1344,Friday!F1344) -> 4.054 | AW12: =MEDIAN(Monday!F1344,Tuesday!F1344,Wednesday!F1344,Thursday!F1344,Friday!F1344) -> 4.13 | AX12: =AVERAGE(Monday!F1402,Tuesday!F1402,Wednesday!F1402,Thursday!F1402,Friday!F1402) -> 4.154 | AY12: =MEDIAN(Monday!F1402,Tuesday!F1402,Wednesday!F1402,Thursday!F1402,Friday!F1402) -> 4.12 | AZ12: =AVERAGE(Monday!F1460,Tuesday!F1460,Wednesday!F1460,Thursday!F1460,Friday!F1460) -> 4.17 | BA12: =MEDIAN(Monday!F1460,Tuesday!F1460,Wednesday!F1460,Thursday!F1460,Friday!F1460) -> 3.72 | BB12: 9 | BC12: =AVERAGE(B12,D12,F12,H12,J12,L12,N12,P12,R12,T12,V12,X12,Z12,AB12,AD12,AF12,AH12,AJ12,AL12,AN12,AP12,AR12,AT12,AV12,AX12,AZ12) -> 4.1331538 | BD12: =MEDIAN(C12,E12,G12,I12,K12,M12,O12,Q12,S12,U12,W12,Y12,AA12,AC12,AE12,AG12,AI12,AK12,AM12,AO12,AQ12,AS12,AU12,AW12,AY12,BA12) -> 3.925
A13: 10 | B13: =AVERAGE(Monday!F11,Tuesday!F11,Wednesday!F11,Thursday!F11,Friday!F11) -> 2.778 | C13: =MEDIAN(Monday!F11,Tuesday!F11,Wednesday!F11,Thursday!F11,Friday!F11) -> 2.77 | D13: =AVERAGE(Monday!F69,Tuesday!F69,Wednesday!F69,Thursday!F69,Friday!F69) -> 2.986 | E13: =MEDIAN(Monday!F69,Tuesday!F69,Wednesday!F69,Thursday!F69,Friday!F69) -> 3 | F13: =AVERAGE(Monday!F127,Tuesday!F127,Wednesday!F127,Thursday!F127,Friday!F127) -> 3.19 | G13: =MEDIAN(Monday!F127,Tuesday!F127,Wednesday!F127,Thursday!F127,Friday!F127) -> 3.18 | H13: =AVERAGE(Monday!F185,Tuesday!F185,Wednesday!F185,Thursday!F185,Friday!F185) -> 3.532 | I13: =MEDIAN(Monday!F185,Tuesday!F185,Wednesday!F185,Thursday!F185,Friday!F185) -> 3.48 | J13: =AVERAGE(Monday!F243,Tuesday!F243,Wednesday!F243,Thursday!F243,Friday!F243) -> 4.088 | K13: =MEDIAN(Monday!F243,Tuesday!F243,Wednesday!F243,Thursday!F243,Friday!F243) -> 4.1 | L13: =AVERAGE(Monday!F301,Tuesday!F301,Wednesday!F301,Thursday!F301,Friday!F301) -> 4.546 | M13: =MEDIAN(Monday!F301,Tuesday!F301,Wednesday!F301,Thursday!F301,Friday!F301) -> 4.38 | N13: =AVERAGE(Monday!F359,Tuesday!F359,Wednesday!F359,Thursday!F359,Friday!F359) -> 4.89 | O13: =MEDIAN(Monday!F359,Tuesday!F359,Wednesday!F359,Thursday!F359,Friday!F359) -> 4.85 | P13: =AVERAGE(Monday!F417,Tuesday!F417,Wednesday!F417,Thursday!F417,Friday!F417) -> 4.6 | Q13: =MEDIAN(Monday!F417,Tuesday!F417,Wednesday!F417,Thursday!F417,Friday!F417) -> 4.55 | R13: =AVERAGE(Monday!F475,Tuesday!F475,Wednesday!F475,Thursday!F475,Friday!F475) -> 4.292 | S13: =MEDIAN(Monday!F475,Tuesday!F475,Wednesday!F475,Thursday!F475,Friday!F475) -> 4.3 | T13: =AVERAGE(Monday!F533,Tuesday!F533,Wednesday!F533,Thursday!F533,Friday!F533) -> 4.168 | U13: =MEDIAN(Monday!F533,Tuesday!F533,Wednesday!F533,Thursday!F533,Friday!F533) -> 4.17 | V13: =AVERAGE(Monday!F591,Tuesday!F591,Wednesday!F591,Thursday!F591,Friday!F591) -> 4.27 | W13: =MEDIAN(Monday!F591,Tuesday!F591,Wednesday!F591,Thursday!F591,Friday!F591) -> 4.07 | X13: =AVERAGE(Monday!F649,Tuesday!F649,Wednesday!F649,Thursday!F649,Friday!F649) -> 4.108 | Y13: =MEDIAN(Monday!F649,Tuesday!F649,Wednesday!F649,Thursday!F649,Friday!F649) -> 3.97 | Z13: =AVERAGE(Monday!F707,Tuesday!F707,Wednesday!F707,Thursday!F707,Friday!F707) -> 4.104 | AA13: =MEDIAN(Monday!F707,Tuesday!F707,Wednesday!F707,Thursday!F707,Friday!F707) -> 3.8 | AB13: =AVERAGE(Monday!F765,Tuesday!F765,Wednesday!F765,Thursday!F765,Friday!F765) -> 4.09 | AC13: =MEDIAN(Monday!F765,Tuesday!F765,Wednesday!F765,Thursday!F765,Friday!F765) -> 4.1 | AD13: =AVERAGE(Monday!F823,Tuesday!F823,Wednesday!F823,Thursday!F823,Friday!F823) -> 4.278 | AE13: =MEDIAN(Monday!F823,Tuesday!F823,Wednesday!F823,Thursday!F823,Friday!F823) -> 4.2 | AF13: =AVERAGE(Monday!F881,Tuesday!F881,Wednesday!F881,Thursday!F881,Friday!F881) -> 4.682 | AG13: =MEDIAN(Monday!F881,Tuesday!F881,Wednesday!F881,Thursday!F881,Friday!F881) -> 4.7 | AH13: =AVERAGE(Monday!F939,Tuesday!F939,Wednesday!F939,Thursday!F939,Friday!F939) -> 4.756 | AI13: =MEDIAN(Monday!F939,Tuesday!F939,Wednesday!F939,Thursday!F939,Friday!F939) -> 4.58 | AJ13: =AVERAGE(Monday!F997,Tuesday!F997,Wednesday!F997,Thursday!F997,Friday!F997) -> 4.494 | AK13: =MEDIAN(Monday!F997,Tuesday!F997,Wednesday!F997,Thursday!F997,Friday!F997) -> 4.55 | AL13: =AVERAGE(Monday!F1055,Tuesday!F1055,Wednesday!F1055,Thursday!F1055,Friday!F1055) -> 4.576 | AM13: =MEDIAN(Monday!F1055,Tuesday!F1055,Wednesday!F1055,Thursday!F1055,Friday!F1055) -> 4.37 | AN13: =AVERAGE(Monday!F1113,Tuesday!F1113,Wednesday!F1113,Thursday!F1113,Friday!F1113) -> 4.324 | AO13: =MEDIAN(Monday!F1113,Tuesday!F1113,Wednesday!F1113,Thursday!F1113,Friday!F1113) -> 4.35 | AP13: =AVERAGE(Monday!F1171,Tuesday!F1171,Wednesday!F1171,Thursday!F1171,Friday!F1171) -> 4.596 | AQ13: =MEDIAN(Monday!F1171,Tuesday!F1171,Wednesday!F1171,Thursday!F1171,Friday!F1171) -> 4.48 | AR13: =AVERAGE(Monday!F1229,Tuesday!F1229,Wednesday!F1229,Thursday!F1229,Friday!F1229) -> 4.926 | AS13: =MEDIAN(Monday!F1229,Tuesday!F1229,Wednesday!F1229,Thursday!F1229,Friday!F1229) -> 4.93 | AT13: =AVERAGE(Monday!F1287,Tuesday!F1287,Wednesday!F1287,Thursday!F1287,Friday!F1287) -> 4.876 | AU13: =MEDIAN(Monday!F1287,Tuesday!F1287,Wednesday!F1287,Thursday!F1287,Friday!F1287) -> 4.88 | AV13: =AVERAGE(Monday!F1345,Tuesday!F1345,Wednesday!F1345,Thursday!F1345,Friday!F1345) -> 4.364 | AW13: =MEDIAN(Monday!F1345,Tuesday!F1345,Wednesday!F1345,Thursday!F1345,Friday!F1345) -> 4.52 | AX13: =AVERAGE(Monday!F1403,Tuesday!F1403,Wednesday!F1403,Thursday!F1403,Friday!F1403) -> 4.154 | AY13: =MEDIAN(Monday!F1403,Tuesday!F1403,Wednesday!F1403,Thursday!F1403,Friday!F1403) -> 4.15 | AZ13: =AVERAGE(Monday!F1461,Tuesday!F1461,Wednesday!F1461,Thursday!F1461,Friday!F1461) -> 3.964 | BA13: =MEDIAN(Monday!F1461,Tuesday!F1461,Wednesday!F1461,Thursday!F1461,Friday!F1461) -> 3.9 | BB13: 10 | BC13: =AVERAGE(B13,D13,F13,H13,J13,L13,N13,P13,R13,T13,V13,X13,Z13,AB13,AD13,AF13,AH13,AJ13,AL13,AN13,AP13,AR13,AT13,AV13,AX13,AZ13) -> 4.2166154 | BD13: =MEDIAN(C13,E13,G13,I13,K13,M13,O13,Q13,S13,U13,W13,Y13,AA13,AC13,AE13,AG13,AI13,AK13,AM13,AO13,AQ13,AS13,AU13,AW13,AY13,BA13) -> 4.25
A14: 11 | B14: =AVERAGE(Monday!F12,Tuesday!F12,Wednesday!F12,Thursday!F12,Friday!F12) -> 2.218 | C14: =MEDIAN(Monday!F12,Tuesday!F12,Wednesday!F12,Thursday!F12,Friday!F12) -> 2.22 | D14: =AVERAGE(Monday!F70,Tuesday!F70,Wednesday!F70,Thursday!F70,Friday!F70) -> 2.356 | E14: =MEDIAN(Monday!F70,Tuesday!F70,Wednesday!F70,Thursday!F70,Friday!F70) -> 2.37 | F14: =AVERAGE(Monday!F128,Tuesday!F128,Wednesday!F128,Thursday!F128,Friday!F128) -> 2.52 | G14: =MEDIAN(Monday!F128,Tuesday!F128,Wednesday!F128,Thursday!F128,Friday!F128) -> 2.43 | H14: =AVERAGE(Monday!F186,Tuesday!F186,Wednesday!F186,Thursday!F186,Friday!F186) -> 2.678 | I14: =MEDIAN(Monday!F186,Tuesday!F186,Wednesday!F186,Thursday!F186,Friday!F186) -> 2.67 | J14: =AVERAGE(Monday!F244,Tuesday!F244,Wednesday!F244,Thursday!F244,Friday!F244) -> 3.14 | K14: =MEDIAN(Monday!F244,Tuesday!F244,Wednesday!F244,Thursday!F244,Friday!F244) -> 3.05 | L14: =AVERAGE(Monday!F302,Tuesday!F302,Wednesday!F302,Thursday!F302,Friday!F302) -> 4.39 | M14: =MEDIAN(Monday!F302,Tuesday!F302,Wednesday!F302,Thursday!F302,Friday!F302) -> 3.68 | N14: =AVERAGE(Monday!F360,Tuesday!F360,Wednesday!F360,Thursday!F360,Friday!F360) -> 4.328 | O14: =MEDIAN(Monday!F360,Tuesday!F360,Wednesday!F360,Thursday!F360,Friday!F360) -> 4.28 | P14: =AVERAGE(Monday!F418,Tuesday!F418,Wednesday!F418,Thursday!F418,Friday!F418) -> 3.676 | Q14: =MEDIAN(Monday!F418,Tuesday!F418,Wednesday!F418,Thursday!F418,Friday!F418) -> 3.3 | R14: =AVERAGE(Monday!F476,Tuesday!F476,Wednesday!F476,Thursday!F476,Friday!F476) -> 3.402 | S14: =MEDIAN(Monday!F476,Tuesday!F476,Wednesday!F476,Thursday!F476,Friday!F476) -> 3.37 | T14: =AVERAGE(Monday!F534,Tuesday!F534,Wednesday!F534,Thursday!F534,Friday!F534) -> 3.7 | U14: =MEDIAN(Monday!F534,Tuesday!F534,Wednesday!F534,Thursday!F534,Friday!F534) -> 3.63 | V14: =AVERAGE(Monday!F592,Tuesday!F592,Wednesday!F592,Thursday!F592,Friday!F592) -> 3.656 | W14: =MEDIAN(Monday!F592,Tuesday!F592,Wednesday!F592,Thursday!F592,Friday!F592) -> 3.63 | X14: =AVERAGE(Monday!F650,Tuesday!F650,Wednesday!F650,Thursday!F650,Friday!F650) -> 3.558 | Y14: =MEDIAN(Monday!F650,Tuesday!F650,Wednesday!F650,Thursday!F650,Friday!F650) -> 3.28 | Z14: =AVERAGE(Monday!F708,Tuesday!F708,Wednesday!F708,Thursday!F708,Friday!F708) -> 2.986 | AA14: =MEDIAN(Monday!F708,Tuesday!F708,Wednesday!F708,Thursday!F708,Friday!F708) -> 2.9 | AB14: =AVERAGE(Monday!F766,Tuesday!F766,Wednesday!F766,Thursday!F766,Friday!F766) -> 3.16 | AC14: =MEDIAN(Monday!F766,Tuesday!F766,Wednesday!F766,Thursday!F766,Friday!F766) -> 3.25 | AD14: =AVERAGE(Monday!F824,Tuesday!F824,Wednesday!F824,Thursday!F824,Friday!F824) -> 2.86 | AE14: =MEDIAN(Monday!F824,Tuesday!F824,Wednesday!F824,Thursday!F824,Friday!F824) -> 2.88 | AF14: =AVERAGE(Monday!F882,Tuesday!F882,Wednesday!F882,Thursday!F882,Friday!F882) -> 2.952 | AG14: =MEDIAN(Monday!F882,Tuesday!F882,Wednesday!F882,Thursday!F882,Friday!F882) -> 3.02 | AH14: =AVERAGE(Monday!F940,Tuesday!F940,Wednesday!F940,Thursday!F940,Friday!F940) -> 2.964 | AI14: =MEDIAN(Monday!F940,Tuesday!F940,Wednesday!F940,Thursday!F940,Friday!F940) -> 3 | AJ14: =AVERAGE(Monday!F998,Tuesday!F998,Wednesday!F998,Thursday!F998,Friday!F998) -> 3.198 | AK14: =MEDIAN(Monday!F998,Tuesday!F998,Wednesday!F998,Thursday!F998,Friday!F998) -> 2.93 | AL14: =AVERAGE(Monday!F1056,Tuesday!F1056,Wednesday!F1056,Thursday!F1056,Friday!F1056) -> 3.528 | AM14: =MEDIAN(Monday!F1056,Tuesday!F1056,Wednesday!F1056,Thursday!F1056,Friday!F1056) -> 3.45 | AN14: =AVERAGE(Monday!F1114,Tuesday!F1114,Wednesday!F1114,Thursday!F1114,Friday!F1114) -> 3.246 | AO14: =MEDIAN(Monday!F1114,Tuesday!F1114,Wednesday!F1114,Thursday!F1114,Friday!F1114) -> 3.27 | AP14: =AVERAGE(Monday!F1172,Tuesday!F1172,Wednesday!F1172,Thursday!F1172,Friday!F1172) -> 3.508 | AQ14: =MEDIAN(Monday!F1172,Tuesday!F1172,Wednesday!F1172,Thursday!F1172,Friday!F1172) -> 3.67 | AR14: =AVERAGE(Monday!F1230,Tuesday!F1230,Wednesday!F1230,Thursday!F1230,Friday!F1230) -> 4.446 | AS14: =MEDIAN(Monday!F1230,Tuesday!F1230,Wednesday!F1230,Thursday!F1230,Friday!F1230) -> 4.22 | AT14: =AVERAGE(Monday!F1288,Tuesday!F1288,Wednesday!F1288,Thursday!F1288,Friday!F1288) -> 5.45 | AU14: =MEDIAN(Monday!F1288,Tuesday!F1288,Wednesday!F1288,Thursday!F1288,Friday!F1288) -> 5.27 | AV14: =AVERAGE(Monday!F1346,Tuesday!F1346,Wednesday!F1346,Thursday!F1346,Friday!F1346) -> 5.03 | AW14: =MEDIAN(Monday!F1346,Tuesday!F1346,Wednesday!F1346,Thursday!F1346,Friday!F1346) -> 4.7 | AX14: =AVERAGE(Monday!F1404,Tuesday!F1404,Wednesday!F1404,Thursday!F1404,Friday!F1404) -> 4.71 | AY14: =MEDIAN(Monday!F1404,Tuesday!F1404,Wednesday!F1404,Thursday!F1404,Friday!F1404) -> 4.77 | AZ14: =AVERAGE(Monday!F1462,Tuesday!F1462,Wednesday!F1462,Thursday!F1462,Friday!F1462) -> 4.21 | BA14: =MEDIAN(Monday!F1462,Tuesday!F1462,Wednesday!F1462,Thursday!F1462,Friday!F1462) -> 3.63 | BB14: 11 | BC14: =AVERAGE(B14,D14,F14,H14,J14,L14,N14,P14,R14,T14,V14,X14,Z14,AB14,AD14,AF14,AH14,AJ14,AL14,AN14,AP14,AR14,AT14,AV14,AX14,AZ14) -> 3.5334615 | BD14: =MEDIAN(C14,E14,G14,I14,K14,M14,O14,Q14,S14,U14,W14,Y14,AA14,AC14,AE14,AG14,AI14,AK14,AM14,AO14,AQ14,AS14,AU14,AW14,AY14,BA14) -> 3.29
A15: 12 | B15: =AVERAGE(Monday!F13,Tuesday!F13,Wednesday!F13,Thursday!F13,Friday!F13) -> 2.622 | C15: =MEDIAN(Monday!F13,Tuesday!F13,Wednesday!F13,Thursday!F13,Friday!F13) -> 2.6 | D15: =AVERAGE(Monday!F71,Tuesday!F71,Wednesday!F71,Thursday!F71,Friday!F71) -> 2.956 | E15: =MEDIAN(Monday!F71,Tuesday!F71,Wednesday!F71,Thursday!F71,Friday!F71) -> 2.9 | F15: =AVERAGE(Monday!F129,Tuesday!F129,Wednesday!F129,Thursday!F129,Friday!F129) -> 3.29 | G15: =MEDIAN(Monday!F129,Tuesday!F129,Wednesday!F129,Thursday!F129,Friday!F129) -> 3.15 | H15: =AVERAGE(Monday!F187,Tuesday!F187,Wednesday!F187,Thursday!F187,Friday!F187) -> 3.426 | I15: =MEDIAN(Monday!F187,Tuesday!F187,Wednesday!F187,Thursday!F187,Friday!F187) -> 3.47 | J15: =AVERAGE(Monday!F245,Tuesday!F245,Wednesday!F245,Thursday!F245,Friday!F245) -> 4.104 | K15: =MEDIAN(Monday!F245,Tuesday!F245,Wednesday!F245,Thursday!F245,Friday!F245) -> 4.02 | L15: =AVERAGE(Monday!F303,Tuesday!F303,Wednesday!F303,Thursday!F303,Friday!F303) -> 5.09 | M15: =MEDIAN(Monday!F303,Tuesday!F303,Wednesday!F303,Thursday!F303,Friday!F303) -> 4.95 | N15: =AVERAGE(Monday!F361,Tuesday!F361,Wednesday!F361,Thursday!F361,Friday!F361) -> 4.964 | O15: =MEDIAN(Monday!F361,Tuesday!F361,Wednesday!F361,Thursday!F361,Friday!F361) -> 4.9 | P15: =AVERAGE(Monday!F419,Tuesday!F419,Wednesday!F419,Thursday!F419,Friday!F419) -> 4.77 | Q15: =MEDIAN(Monday!F419,Tuesday!F419,Wednesday!F419,Thursday!F419,Friday!F419) -> 4.42 | R15: =AVERAGE(Monday!F477,Tuesday!F477,Wednesday!F477,Thursday!F477,Friday!F477) -> 4.368 | S15: =MEDIAN(Monday!F477,Tuesday!F477,Wednesday!F477,Thursday!F477,Friday!F477) -> 4.1 | T15: =AVERAGE(Monday!F535,Tuesday!F535,Wednesday!F535,Thursday!F535,Friday!F535) -> 5.062 | U15: =MEDIAN(Monday!F535,Tuesday!F535,Wednesday!F535,Thursday!F535,Friday!F535) -> 4.63 | V15: =AVERAGE(Monday!F593,Tuesday!F593,Wednesday!F593,Thursday!F593,Friday!F593) -> 4.842 | W15: =MEDIAN(Monday!F593,Tuesday!F593,Wednesday!F593,Thursday!F593,Friday!F593) -> 4.68 | X15: =AVERAGE(Monday!F651,Tuesday!F651,Wednesday!F651,Thursday!F651,Friday!F651) -> 5.402 | Y15: =MEDIAN(Monday!F651,Tuesday!F651,Wednesday!F651,Thursday!F651,Friday!F651) -> 4.65 | Z15: =AVERAGE(Monday!F709,Tuesday!F709,Wednesday!F709,Thursday!F709,Friday!F709) -> 5.556 | AA15: =MEDIAN(Monday!F709,Tuesday!F709,Wednesday!F709,Thursday!F709,Friday!F709) -> 4.22 | AB15: =AVERAGE(Monday!F767,Tuesday!F767,Wednesday!F767,Thursday!F767,Friday!F767) -> 4.662 | AC15: =MEDIAN(Monday!F767,Tuesday!F767,Wednesday!F767,Thursday!F767,Friday!F767) -> 4.68 | AD15: =AVERAGE(Monday!F825,Tuesday!F825,Wednesday!F825,Thursday!F825,Friday!F825) -> 4.512 | AE15: =MEDIAN(Monday!F825,Tuesday!F825,Wednesday!F825,Thursday!F825,Friday!F825) -> 4.52 | AF15: =AVERAGE(Monday!F883,Tuesday!F883,Wednesday!F883,Thursday!F883,Friday!F883) -> 4.654 | AG15: =MEDIAN(Monday!F883,Tuesday!F883,Wednesday!F883,Thursday!F883,Friday!F883) -> 4.4 | AH15: =AVERAGE(Monday!F941,Tuesday!F941,Wednesday!F941,Thursday!F941,Friday!F941) -> 4.672 | AI15: =MEDIAN(Monday!F941,Tuesday!F941,Wednesday!F941,Thursday!F941,Friday!F941) -> 4.5 | AJ15: =AVERAGE(Monday!F999,Tuesday!F999,Wednesday!F999,Thursday!F999,Friday!F999) -> 4.536 | AK15: =MEDIAN(Monday!F999,Tuesday!F999,Wednesday!F999,Thursday!F999,Friday!F999) -> 4.52 | AL15: =AVERAGE(Monday!F1057,Tuesday!F1057,Wednesday!F1057,Thursday!F1057,Friday!F1057) -> 4.544 | AM15: =MEDIAN(Monday!F1057,Tuesday!F1057,Wednesday!F1057,Thursday!F1057,Friday!F1057) -> 4.45 | AN15: =AVERAGE(Monday!F1115,Tuesday!F1115,Wednesday!F1115,Thursday!F1115,Friday!F1115) -> 4.576 | AO15: =MEDIAN(Monday!F1115,Tuesday!F1115,Wednesday!F1115,Thursday!F1115,Friday!F1115) -> 4.6 | AP15: =AVERAGE(Monday!F1173,Tuesday!F1173,Wednesday!F1173,Thursday!F1173,Friday!F1173) -> 5.144 | AQ15: =MEDIAN(Monday!F1173,Tuesday!F1173,Wednesday!F1173,Thursday!F1173,Friday!F1173) -> 5.07 | AR15: =AVERAGE(Monday!F1231,Tuesday!F1231,Wednesday!F1231,Thursday!F1231,Friday!F1231) -> 5.664 | AS15: =MEDIAN(Monday!F1231,Tuesday!F1231,Wednesday!F1231,Thursday!F1231,Friday!F1231) -> 5.18 | AT15: =AVERAGE(Monday!F1289,Tuesday!F1289,Wednesday!F1289,Thursday!F1289,Friday!F1289) -> 5.31 | AU15: =MEDIAN(Monday!F1289,Tuesday!F1289,Wednesday!F1289,Thursday!F1289,Friday!F1289) -> 5.08 | AV15: =AVERAGE(Monday!F1347,Tuesday!F1347,Wednesday!F1347,Thursday!F1347,Friday!F1347) -> 4.65 | AW15: =MEDIAN(Monday!F1347,Tuesday!F1347,Wednesday!F1347,Thursday!F1347,Friday!F1347) -> 4.78 | AX15: =AVERAGE(Monday!F1405,Tuesday!F1405,Wednesday!F1405,Thursday!F1405,Friday!F1405) -> 4.594 | AY15: =MEDIAN(Monday!F1405,Tuesday!F1405,Wednesday!F1405,Thursday!F1405,Friday!F1405) -> 4.38 | AZ15: =AVERAGE(Monday!F1463,Tuesday!F1463,Wednesday!F1463,Thursday!F1463,Friday!F1463) -> 4.504 | BA15: =MEDIAN(Monday!F1463,Tuesday!F1463,Wednesday!F1463,Thursday!F1463,Friday!F1463) -> 4.12 | BB15: 12 | BC15: =AVERAGE(B15,D15,F15,H15,J15,L15,N15,P15,R15,T15,V15,X15,Z15,AB15,AD15,AF15,AH15,AJ15,AL15,AN15,AP15,AR15,AT15,AV15,AX15,AZ15) -> 4.5566923 | BD15: =MEDIAN(C15,E15,G15,I15,K15,M15,O15,Q15,S15,U15,W15,Y15,AA15,AC15,AE15,AG15,AI15,AK15,AM15,AO15,AQ15,AS15,AU15,AW15,AY15,BA15) -> 4.51
... A61: 58 | B61: =AVERAGE(Monday!F59,Tuesday!F59,Wednesday!F59,Thursday!F59,Friday!F59) -> 3.058 | C61: =MEDIAN(Monday!F59,Tuesday!F59,Wednesday!F59,Thursday!F59,Friday!F59) -> 3.03 | D61: =AVERAGE(Monday!F117,Tuesday!F117,Wednesday!F117,Thursday!F117,Friday!F117) -> 3.12 | E61: =MEDIAN(Monday!F117,Tuesday!F117,Wednesday!F117,Thursday!F117,Friday!F117) -> 3.13 | F61: =AVERAGE(Monday!F175,Tuesday!F175,Wednesday!F175,Thursday!F175,Friday!F175) -> 3.194 | G61: =MEDIAN(Monday!F175,Tuesday!F175,Wednesday!F175,Thursday!F175,Friday!F175) -> 3.18 | H61: =AVERAGE(Monday!F233,Tuesday!F233,Wednesday!F233,Thursday!F233,Friday!F233) -> 3.382 | I61: =MEDIAN(Monday!F233,Tuesday!F233,Wednesday!F233,Thursday!F233,Friday!F233) -> 3.38 | J61: =AVERAGE(Monday!F291,Tuesday!F291,Wednesday!F291,Thursday!F291,Friday!F291) -> 3.464 | K61: =MEDIAN(Monday!F291,Tuesday!F291,Wednesday!F291,Thursday!F291,Friday!F291) -> 3.47 | L61: =AVERAGE(Monday!F349,Tuesday!F349,Wednesday!F349,Thursday!F349,Friday!F349) -> 3.666 | M61: =MEDIAN(Monday!F349,Tuesday!F349,Wednesday!F349,Thursday!F349,Friday!F349) -> 3.7 | N61: =AVERAGE(Monday!F407,Tuesday!F407,Wednesday!F407,Thursday!F407,Friday!F407) -> 3.74 | O61: =MEDIAN(Monday!F407,Tuesday!F407,Wednesday!F407,Thursday!F407,Friday!F407) -> 3.75 | P61: =AVERAGE(Monday!F465,Tuesday!F465,Wednesday!F465,Thursday!F465,Friday!F465) -> 3.894 | Q61: =MEDIAN(Monday!F465,Tuesday!F465,Wednesday!F465,Thursday!F465,Friday!F465) -> 3.92 | R61: =AVERAGE(Monday!F523,Tuesday!F523,Wednesday!F523,Thursday!F523,Friday!F523) -> 3.83 | S61: =MEDIAN(Monday!F523,Tuesday!F523,Wednesday!F523,Thursday!F523,Friday!F523) -> 3.8 | T61: =AVERAGE(Monday!F581,Tuesday!F581,Wednesday!F581,Thursday!F581,Friday!F581) -> 3.808 | U61: =MEDIAN(Monday!F581,Tuesday!F581,Wednesday!F581,Thursday!F581,Friday!F581) -> 3.83 | V61: =AVERAGE(Monday!F639,Tuesday!F639,Wednesday!F639,Thursday!F639,Friday!F639) -> 3.942 | W61: =MEDIAN(Monday!F639,Tuesday!F639,Wednesday!F639,Thursday!F639,Friday!F639) -> 3.97 | X61: =AVERAGE(Monday!F697,Tuesday!F697,Wednesday!F697,Thursday!F697,Friday!F697) -> 3.998 | Y61: =MEDIAN(Monday!F697,Tuesday!F697,Wednesday!F697,Thursday!F697,Friday!F697) -> 3.97 | Z61: =AVERAGE(Monday!F755,Tuesday!F755,Wednesday!F755,Thursday!F755,Friday!F755) -> 3.988 | AA61: =MEDIAN(Monday!F755,Tuesday!F755,Wednesday!F755,Thursday!F755,Friday!F755) -> 3.98 | AB61: =AVERAGE(Monday!F813,Tuesday!F813,Wednesday!F813,Thursday!F813,Friday!F813) -> 4.26 | AC61: =MEDIAN(Monday!F813,Tuesday!F813,Wednesday!F813,Thursday!F813,Friday!F813) -> 4.28 | AD61: =AVERAGE(Monday!F871,Tuesday!F871,Wednesday!F871,Thursday!F871,Friday!F871) -> 4.394 | AE61: =MEDIAN(Monday!F871,Tuesday!F871,Wednesday!F871,Thursday!F871,Friday!F871) -> 4.35 | AF61: =AVERAGE(Monday!F929,Tuesday!F929,Wednesday!F929,Thursday!F929,Friday!F929) -> 4.338 | AG61: =MEDIAN(Monday!F929,Tuesday!F929,Wednesday!F929,Thursday!F929,Friday!F929) -> 4.35 | AH61: =AVERAGE(Monday!F987,Tuesday!F987,Wednesday!F987,Thursday!F987,Friday!F987) -> 4.486 | AI61: =MEDIAN(Monday!F987,Tuesday!F987,Wednesday!F987,Thursday!F987,Friday!F987) -> 4.5 | AJ61: =AVERAGE(Monday!F1045,Tuesday!F1045,Wednesday!F1045,Thursday!F1045,Friday!F1045) -> 4.63 | AK61: =MEDIAN(Monday!F1045,Tuesday!F1045,Wednesday!F1045,Thursday!F1045,Friday!F1045) -> 4.65 | AL61: =AVERAGE(Monday!F1103,Tuesday!F1103,Wednesday!F1103,Thursday!F1103,Friday!F1103) -> 4.468 | AM61: =MEDIAN(Monday!F1103,Tuesday!F1103,Wednesday!F1103,Thursday!F1103,Friday!F1103) -> 4.43 | AN61: =AVERAGE(Monday!F1161,Tuesday!F1161,Wednesday!F1161,Thursday!F1161,Friday!F1161) -> 4.436 | AO61: =MEDIAN(Monday!F1161,Tuesday!F1161,Wednesday!F1161,Thursday!F1161,Friday!F1161) -> 4.42 | AP61: =AVERAGE(Monday!F1219,Tuesday!F1219,Wednesday!F1219,Thursday!F1219,Friday!F1219) -> 5.014 | AQ61: =MEDIAN(Monday!F1219,Tuesday!F1219,Wednesday!F1219,Thursday!F1219,Friday!F1219) -> 5.07 | AR61: =AVERAGE(Monday!F1277,Tuesday!F1277,Wednesday!F1277,Thursday!F1277,Friday!F1277) -> 6.052 | AS61: =MEDIAN(Monday!F1277,Tuesday!F1277,Wednesday!F1277,Thursday!F1277,Friday!F1277) -> 5.9 | AT61: =AVERAGE(Monday!F1335,Tuesday!F1335,Wednesday!F1335,Thursday!F1335,Friday!F1335) -> 5.636 | AU61: =MEDIAN(Monday!F1335,Tuesday!F1335,Wednesday!F1335,Thursday!F1335,Friday!F1335) -> 5.63 | AV61: =AVERAGE(Monday!F1393,Tuesday!F1393,Wednesday!F1393,Thursday!F1393,Friday!F1393) -> 4.936 | AW61: =MEDIAN(Monday!F1393,Tuesday!F1393,Wednesday!F1393,Thursday!F1393,Friday!F1393) -> 5.02 | AX61: =AVERAGE(Monday!F1451,Tuesday!F1451,Wednesday!F1451,Thursday!F1451,Friday!F1451) -> 4.718 | AY61: =MEDIAN(Monday!F1451,Tuesday!F1451,Wednesday!F1451,Thursday!F1451,Friday!F1451) -> 4.68 | AZ61: =AVERAGE(Monday!F1509,Tuesday!F1509,Wednesday!F1509,Thursday!F1509,Friday!F1509) -> 4.652 | BA61: =MEDIAN(Monday!F1509,Tuesday!F1509,Wednesday!F1509,Thursday!F1509,Friday!F1509) -> 4.72 | BB61: 58 | BC61: =AVERAGE(B61,D61,F61,H61,J61,L61,N61,P61,R61,T61,V61,X61,Z61,AB61,AD61,AF61,AH61,AJ61,AL61,AN61,AP61,AR61,AT61,AV61,AX61,AZ61) -> 4.1963077 | BD61: =MEDIAN(C61,E61,G61,I61,K61,M61,O61,Q61,S61,U61,W61,Y61,AA61,AC61,AE61,AG61,AI61,AK61,AM61,AO61,AQ61,AS61,AU61,AW61,AY61,BA61) -> 4.13
B62: =AVERAGE(B4:B61) -> 2.8247586 | D62: =AVERAGE(D4:D61) -> 2.9526552 | F62: =AVERAGE(F4:F61) -> 3.1025172 | H62: =AVERAGE(H4:H61) -> 3.2506207 | J62: =AVERAGE(J4:J61) -> 3.562931 | L62: =AVERAGE(L4:L61) -> 3.9203793 | N62: =AVERAGE(N4:N61) -> 4.0777241 | P62: =AVERAGE(P4:P61) -> 3.9314828 | R62: =AVERAGE(R4:R61) -> 3.7650345 | T62: =AVERAGE(T4:T61) -> 3.7642069 | V62: =AVERAGE(V4:V61) -> 3.8230345 | X62: =AVERAGE(X4:X61) -> 3.7963448 | Z62: =AVERAGE(Z4:Z61) -> 3.7725172 | AB62: =AVERAGE(AB4:AB61) -> 3.8256552 | AD62: =AVERAGE(AD4:AD61) -> 3.8755517 | AF62: =AVERAGE(AF4:AF61) -> 3.9045517 | AH62: =AVERAGE(AH4:AH61) -> 3.9687586 | AJ62: =AVERAGE(AJ4:AJ61) -> 3.999 | AL62: =AVERAGE(AL4:AL61) -> 3.9583793 | AN62: =AVERAGE(AN4:AN61) -> 3.8965862 | AP62: =AVERAGE(AP4:AP61) -> 4.2111379 | AR62: =AVERAGE(AR4:AR61) -> 4.7535172 | AT62: =AVERAGE(AT4:AT61) -> 4.801 | AV62: =AVERAGE(AV4:AV61) -> 4.566 | AX62: =AVERAGE(AX4:AX61) -> 4.3037586 | AZ62: =AVERAGE(AZ4:AZ61) -> 4.1352414
C63: =MEDIAN(C4:C61) -> 2.89 | E63: =MEDIAN(E4:E61) -> 3 | G63: =MEDIAN(G4:G61) -> 3.135 | I63: =MEDIAN(I4:I61) -> 3.275 | K63: =MEDIAN(K4:K61) -> 3.62 | M63: =MEDIAN(M4:M61) -> 3.84 | O63: =MEDIAN(O4:O61) -> 4.15 | Q63: =MEDIAN(Q4:Q61) -> 3.87 | S63: =MEDIAN(S4:S61) -> 3.785 | U63: =MEDIAN(U4:U61) -> 3.79 | W63: =MEDIAN(W4:W61) -> 3.75 | Y63: =MEDIAN(Y4:Y61) -> 3.825 | AA63: =MEDIAN(AA4:AA61) -> 3.79 | AC63: =MEDIAN(AC4:AC61) -> 3.78 | AE63: =MEDIAN(AE4:AE61) -> 3.86 | AG63: =MEDIAN(AG4:AG61) -> 3.845 | AI63: =MEDIAN(AI4:AI61) -> 3.96 | AK63: =MEDIAN(AK4:AK61) -> 3.98 | AM63: =MEDIAN(AM4:AM61) -> 3.84 | AO63: =MEDIAN(AO4:AO61) -> 3.775 | AQ63: =MEDIAN(AQ4:AQ61) -> 4.04 | AS63: =MEDIAN(AS4:AS61) -> 4.485 | AU63: =MEDIAN(AU4:AU61) -> 4.58 | AW63: =MEDIAN(AW4:AW61) -> 4.275 | AY63: =MEDIAN(AY4:AY61) -> 4.135 | BA63: =MEDIAN(BA4:BA61) -> 3.9

Sheet TT_by_time_interval
A5: Time interval | B5: 0.29166667 | C5: 0.30208333 | D5: 0.3125 | E5: 0.32291667 | F5: 0.33333333 | G5: 0.34375 | H5: 0.35416667 | I5: 0.36458333 | J5: 0.375 | K5: 0.38541667 | L5: 0.39583333 | M5: 0.40625 | N5: 0.41666667 | O5: 0.66666667 | P5: 0.67708333 | Q5: 0.6875 | R5: 0.69791667 | S5: 0.70833333 | T5: 0.71875 | U5: 0.72916667 | V5: 0.73958333 | W5: 0.75 | X5: 0.76041667 | Y5: 0.77083333 | Z5: 0.78125 | AA5: 0.79166667
A6: TT averge | B6: 2.8247586 | C6: 2.9526552 | D6: 3.1025172 | E6: 3.2506207 | F6: 3.562931 | G6: 3.9203793 | H6: 4.0777241 | I6: 3.9314828 | J6: 3.7650345 | K6: 3.7642069 | L6: 3.8230345 | M6: 3.7963448 | N6: 3.7725172 | O6: 3.8256552 | P6: 3.8755517 | Q6: 3.9045517 | R6: 3.9687586 | S6: 3.999 | T6: 3.9583793 | U6: 3.8965862 | V6: 4.2111379 | W6: 4.7535172 | X6: 4.801 | Y6: 4.566 | Z6: 4.3037586 | AA6: 4.1352414
A7: TT median | B7: 2.89 | C7: 3 | D7: 3.135 | E7: 3.275 | F7: 3.62 | G7: 3.84 | H7: 4.15 | I7: 3.87 | J7: 3.785 | K7: 3.79 | L7: 3.75 | M7: 3.825 | N7: 3.79 | O7: 3.78 | P7: 3.86 | Q7: 3.845 | R7: 3.96 | S7: 3.98 | T7: 3.84 | U7: 3.775 | V7: 4.04 | W7: 4.485 | X7: 4.58 | Y7: 4.275 | Z7: 4.135 | AA7: 3.9

Sheet average_speed_per_time
A1: time | B1: Monday | C1: Tuesday | D1: Wednesday | E1: Thursday | F1: Friday | G1: Saturday | H1: Sunday | I1: Average free flow speed | J1: Average speed during the week | K1: Average speed on the weekend
A2: 0.29166667 | B2: =AVERAGEIF(Monday!$A$2:$A$1509, "02/06/2025 07:00:00", Monday!$G$2:$G$1509) -> 33.854326 | C2: =AVERAGEIF(Tuesday!$A$2:$A$1509, "27/05/2025 07:00:00", Tuesday!$G$2:$G$1509) -> 33.402283 | D2: =AVERAGEIF(Wednesday!$A$2:$A$1509, "28/05/2025 07:00:00", Wednesday!$G$2:$G$1509) -> 34.365886 | E2: =AVERAGEIF(Thursday!$A$2:$A$1509, "29/05/2025 07:00:00", Thursday!$G$2:$G$1509) -> 33.308964 | F2: =AVERAGEIF(Friday!$A$2:$A$1509, "30/05/2025 07:00:00", Friday!$G$2:$G$1509) -> 33.712505 | G2: =AVERAGEIF(Saturday!$A$2:$A$1509, "31/05/2025 07:00:00", Saturday!$G$2:$G$1509) -> 34.349138 | H2: =AVERAGEIF(Sunday!$A$2:$A$1509, "01/06/2025 07:00:00", Sunday!$G$2:$G$1509) -> 35.634037 | I2: =(AVERAGE(TT_TTI_Delay!$B$4:$B$61)*60/(AVERAGE(TT_TTI_Delay!$C$4:$C$61))) -> 35.776598 | J2: =AVERAGE(B2:F2) -> 33.728793 | K2: =AVERAGE(G2:H2) -> 34.991587
A3: 0.30208333 | B3: =AVERAGEIF(Monday!$A$2:$A$1509, "02/06/2025 07:15:00", Monday!$G$2:$G$1509) -> 32.321213 | C3: =AVERAGEIF(Tuesday!$A$2:$A$1509, "27/05/2025 07:15:00", Tuesday!$G$2:$G$1509) -> 32.493443 | D3: =AVERAGEIF(Wednesday!$A$2:$A$1509, "28/05/2025 07:15:00", Wednesday!$G$2:$G$1509) -> 32.83954 | E3: =AVERAGEIF(Thursday!$A$2:$A$1509, "29/05/2025 07:15:00", Thursday!$G$2:$G$1509) -> 32.126528 | F3: =AVERAGEIF(Friday!$A$2:$A$1509, "30/05/2025 07:15:00", Friday!$G$2:$G$1509) -> 32.260625 | G3: =AVERAGEIF(Saturday!$A$2:$A$1509, "31/05/2025 07:15:00", Saturday!$G$2:$G$1509) -> 33.737043 | H3: =AVERAGEIF(Sunday!$A$2:$A$1509, "01/06/2025 07:15:00", Sunday!$G$2:$G$1509) -> 36.02971 | I3: =(AVERAGE(TT_TTI_Delay!$B$4:$B$61)*60/(AVERAGE(TT_TTI_Delay!$C$4:$C$61))) -> 35.776598 | J3: =AVERAGE(B3:F3) -> 32.40827 | K3: =AVERAGE(G3:H3) -> 34.883377
A4: 0.3125 | B4: =AVERAGEIF(Monday!$A$2:$A$1509, "02/06/2025 07:30:00", Monday!$G$2:$G$1509) -> 30.82356 | C4: =AVERAGEIF(Tuesday!$A$2:$A$1509, "27/05/2025 07:30:00", Tuesday!$G$2:$G$1509) -> 31.121737 | D4: =AVERAGEIF(Wednesday!$A$2:$A$1509, "28/05/2025 07:30:00", Wednesday!$G$2:$G$1509) -> 30.968869 | E4: =AVERAGEIF(Thursday!$A$2:$A$1509, "29/05/2025 07:30:00", Thursday!$G$2:$G$1509) -> 30.759384 | F4: =AVERAGEIF(Friday!$A$2:$A$1509, "30/05/2025 07:30:00", Friday!$G$2:$G$1509) -> 31.1837 | G4: =AVERAGEIF(Saturday!$A$2:$A$1509, "31/05/2025 07:30:00", Saturday!$G$2:$G$1509) -> 33.234657 | H4: =AVERAGEIF(Sunday!$A$2:$A$1509, "01/06/2025 07:30:00", Sunday!$G$2:$G$1509) -> 35.291979 | I4: =(AVERAGE(TT_TTI_Delay!$B$4:$B$61)*60/(AVERAGE(TT_TTI_Delay!$C$4:$C$61))) -> 35.776598 | J4: =AVERAGE(B4:F4) -> 30.97145 | K4: =AVERAGE(G4:H4) -> 34.263318
A5: 0.32291667 | B5: =AVERAGEIF(Monday!$A$2:$A$1509, "02/06/2025 07:45:00", Monday!$G$2:$G$1509) -> 29.718618 | C5: =AVERAGEIF(Tuesday!$A$2:$A$1509, "27/05/2025 07:45:00", Tuesday!$G$2:$G$1509) -> 29.713857 | D5: =AVERAGEIF(Wednesday!$A$2:$A$1509, "28/05/2025 07:45:00", Wednesday!$G$2:$G$1509) -> 30.03416 | E5: =AVERAGEIF(Thursday!$A$2:$A$1509, "29/05/2025 07:45:00", Thursday!$G$2:$G$1509) -> 29.492621 | F5: =AVERAGEIF(Friday!$A$2:$A$1509, "30/05/2025 07:45:00", Friday!$G$2:$G$1509) -> 29.726177 | G5: =AVERAGEIF(Saturday!$A$2:$A$1509, "31/05/2025 07:45:00", Saturday!$G$2:$G$1509) -> 32.867697 | H5: =AVERAGEIF(Sunday!$A$2:$A$1509, "01/06/2025 07:45:00", Sunday!$G$2:$G$1509) -> 35.037676 | I5: =(AVERAGE(TT_TTI_Delay!$B$4:$B$61)*60/(AVERAGE(TT_TTI_Delay!$C$4:$C$61))) -> 35.776598 | J5: =AVERAGE(B5:F5) -> 29.737087 | K5: =AVERAGE(G5:H5) -> 33.952687
A6: 0.33333333 | B6: =AVERAGEIF(Monday!$A$2:$A$1509, "02/06/2025 08:00:00", Monday!$G$2:$G$1509) -> 27.078883 | C6: =AVERAGEIF(Tuesday!$A$2:$A$1509, "27/05/2025 08:00:00", Tuesday!$G$2:$G$1509) -> 27.510494 | D6: =AVERAGEIF(Wednesday!$A$2:$A$1509, "28/05/2025 08:00:00", Wednesday!$G$2:$G$1509) -> 27.63909 | E6: =AVERAGEIF(Thursday!$A$2:$A$1509, "29/05/2025 08:00:00", Thursday!$G$2:$G$1509) -> 27.684873 | F6: =AVERAGEIF(Friday!$A$2:$A$1509, "30/05/2025 08:00:00", Friday!$G$2:$G$1509) -> 28.242728 | G6: =AVERAGEIF(Saturday!$A$2:$A$1509, "31/05/2025 08:00:00", Saturday!$G$2:$G$1509) -> 32.34948 | H6: =AVERAGEIF(Sunday!$A$2:$A$1509, "01/06/2025 08:00:00", Sunday!$G$2:$G$1509) -> 34.88924 | I6: =(AVERAGE(TT_TTI_Delay!$B$4:$B$61)*60/(AVERAGE(TT_TTI_Delay!$C$4:$C$61))) -> 35.776598 | J6: =AVERAGE(B6:F6) -> 27.631214 | K6: =AVERAGE(G6:H6) -> 33.61936
A7: 0.34375 | B7: =AVERAGEIF(Monday!$A$2:$A$1509, "02/06/2025 08:15:00", Monday!$G$2:$G$1509) -> 24.647018 | C7: =AVERAGEIF(Tuesday!$A$2:$A$1509, "27/05/2025 08:15:00", Tuesday!$G$2:$G$1509) -> 25.666359 | D7: =AVERAGEIF(Wednesday!$A$2:$A$1509, "28/05/2025 08:15:00", Wednesday!$G$2:$G$1509) -> 26.112591 | E7: =AVERAGEIF(Thursday!$A$2:$A$1509, "29/05/2025 08:15:00", Thursday!$G$2:$G$1509) -> 25.745866 | F7: =AVERAGEIF(Friday!$A$2:$A$1509, "30/05/2025 08:15:00", Friday!$G$2:$G$1509) -> 26.480631 | G7: =AVERAGEIF(Saturday!$A$2:$A$1509, "31/05/2025 08:15:00", Saturday!$G$2:$G$1509) -> 31.887341 | H7: =AVERAGEIF(Sunday!$A$2:$A$1509, "01/06/2025 08:15:00", Sunday!$G$2:$G$1509) -> 34.882479 | I7: =(AVERAGE(TT_TTI_Delay!$B$4:$B$61)*60/(AVERAGE(TT_TTI_Delay!$C$4:$C$61))) -> 35.776598 | J7: =AVERAGE(B7:F7) -> 25.730493 | K7: =AVERAGE(G7:H7) -> 33.38491
A8: 0.35416667 | B8: =AVERAGEIF(Monday!$A$2:$A$1509, "02/06/2025 08:30:00", Monday!$G$2:$G$1509) -> 24.328896 | C8: =AVERAGEIF(Tuesday!$A$2:$A$1509, "27/05/2025 08:30:00", Tuesday!$G$2:$G$1509) -> 24.347486 | D8: =AVERAGEIF(Wednesday!$A$2:$A$1509, "28/05/2025 08:30:00", Wednesday!$G$2:$G$1509) -> 24.872566 | E8: =AVERAGEIF(Thursday!$A$2:$A$1509, "29/05/2025 08:30:00", Thursday!$G$2:$G$1509) -> 25.186533 | F8: =AVERAGEIF(Friday!$A$2:$A$1509, "30/05/2025 08:30:00", Friday!$G$2:$G$1509) -> 25.105814 | G8: =AVERAGEIF(Saturday!$A$2:$A$1509, "31/05/2025 08:30:00", Saturday!$G$2:$G$1509) -> 31.652604 | H8: =AVERAGEIF(Sunday!$A$2:$A$1509, "01/06/2025 08:30:00", Sunday!$G$2:$G$1509) -> 34.432911 | I8: =(AVERAGE(TT_TTI_Delay!$B$4:$B$61)*60/(AVERAGE(TT_TTI_Delay!$C$4:$C$61))) -> 35.776598 | J8: =AVERAGE(B8:F8) -> 24.768259 | K8: =AVERAGE(G8:H8) -> 33.042758
A9: 0.36458333 | B9: =AVERAGEIF(Monday!$A$2:$A$1509, "02/06/2025 08:45:00", Monday!$G$2:$G$1509) -> 24.825179 | C9: =AVERAGEIF(Tuesday!$A$2:$A$1509, "27/05/2025 08:45:00", Tuesday!$G$2:$G$1509) -> 25.236284 | D9: =AVERAGEIF(Wednesday!$A$2:$A$1509, "28/05/2025 08:45:00", Wednesday!$G$2:$G$1509) -> 25.745208 | E9: =AVERAGEIF(Thursday!$A$2:$A$1509, "29/05/2025 08:45:00", Thursday!$G$2:$G$1509) -> 26.102462 | F9: =AVERAGEIF(Friday!$A$2:$A$1509, "30/05/2025 08:45:00", Friday!$G$2:$G$1509) -> 25.69599 | G9: =AVERAGEIF(Saturday!$A$2:$A$1509, "31/05/2025 08:45:00", Saturday!$G$2:$G$1509) -> 31.284149 | H9: =AVERAGEIF(Sunday!$A$2:$A$1509, "01/06/2025 08:45:00", Sunday!$G$2:$G$1509) -> 34.041937 | I9: =(AVERAGE(TT_TTI_Delay!$B$4:$B$61)*60/(AVERAGE(TT_TTI_Delay!$C$4:$C$61))) -> 35.776598 | J9: =AVERAGE(B9:F9) -> 25.521025 | K9: =AVERAGE(G9:H9) -> 32.663043
A10: 0.375 | B10: =AVERAGEIF(Monday!$A$2:$A$1509, "02/06/2025 09:00:00", Monday!$G$2:$G$1509) -> 25.71343 | C10: =AVERAGEIF(Tuesday!$A$2:$A$1509, "27/05/2025 09:00:00", Tuesday!$G$2:$G$1509) -> 25.874907 | D10: =AVERAGEIF(Wednesday!$A$2:$A$1509, "28/05/2025 09:00:00", Wednesday!$G$2:$G$1509) -> 26.439468 | E10: =AVERAGEIF(Thursday!$A$2:$A$1509, "29/05/2025 09:00:00", Thursday!$G$2:$G$1509) -> 26.669576 | F10: =AVERAGEIF(Friday!$A$2:$A$1509, "30/05/2025 09:00:00", Friday!$G$2:$G$1509) -> 26.405459 | G10: =AVERAGEIF(Saturday!$A$2:$A$1509, "31/05/2025 09:00:00", Saturday!$G$2:$G$1509) -> 31.184554 | H10: =AVERAGEIF(Sunday!$A$2:$A$1509, "01/06/2025 09:00:00", Sunday!$G$2:$G$1509) -> 33.667309 | I10: =(AVERAGE(TT_TTI_Delay!$B$4:$B$61)*60/(AVERAGE(TT_TTI_Delay!$C$4:$C$61))) -> 35.776598 | J10: =AVERAGE(B10:F10) -> 26.220568 | K10: =AVERAGE(G10:H10) -> 32.425931
A11: 0.38541667 | B11: =AVERAGEIF(Monday!$A$2:$A$1509, "02/06/2025 09:15:00", Monday!$G$2:$G$1509) -> 26.297004 | C11: =AVERAGEIF(Tuesday!$A$2:$A$1509, "27/05/2025 09:15:00", Tuesday!$G$2:$G$1509) -> 25.699215 | D11: =AVERAGEIF(Wednesday!$A$2:$A$1509, "28/05/2025 09:15:00", Wednesday!$G$2:$G$1509) -> 26.762859 | E11: =AVERAGEIF(Thursday!$A$2:$A$1509, "29/05/2025 09:15:00", Thursday!$G$2:$G$1509) -> 26.477575 | F11: =AVERAGEIF(Friday!$A$2:$A$1509, "30/05/2025 09:15:00", Friday!$G$2:$G$1509) -> 26.212721 | G11: =AVERAGEIF(Saturday!$A$2:$A$1509, "31/05/2025 09:15:00", Saturday!$G$2:$G$1509) -> 30.573624 | H11: =AVERAGEIF(Sunday!$A$2:$A$1509, "01/06/2025 09:15:00", Sunday!$G$2:$G$1509) -> 33.504387 | I11: =(AVERAGE(TT_TTI_Delay!$B$4:$B$61)*60/(AVERAGE(TT_TTI_Delay!$C$4:$C$61))) -> 35.776598 | J11: =AVERAGE(B11:F11) -> 26.289875 | K11: =AVERAGE(G11:H11) -> 32.039005
A12: 0.39583333 | B12: =AVERAGEIF(Monday!$A$2:$A$1509, "02/06/2025 09:30:00", Monday!$G$2:$G$1509) -> 25.963181 | C12: =AVERAGEIF(Tuesday!$A$2:$A$1509, "27/05/2025 09:30:00", Tuesday!$G$2:$G$1509) -> 25.490286 | D12: =AVERAGEIF(Wednesday!$A$2:$A$1509, "28/05/2025 09:30:00", Wednesday!$G$2:$G$1509) -> 26.263238 | E12: =AVERAGEIF(Thursday!$A$2:$A$1509, "29/05/2025 09:30:00", Thursday!$G$2:$G$1509) -> 25.655156 | F12: =AVERAGEIF(Friday!$A$2:$A$1509, "30/05/2025 09:30:00", Friday!$G$2:$G$1509) -> 26.148078 | G12: =AVERAGEIF(Saturday!$A$2:$A$1509, "31/05/2025 09:30:00", Saturday!$G$2:$G$1509) -> 29.856563 | H12: =AVERAGEIF(Sunday!$A$2:$A$1509, "01/06/2025 09:30:00", Sunday!$G$2:$G$1509) -> 33.090253 | I12: =(AVERAGE(TT_TTI_Delay!$B$4:$B$61)*60/(AVERAGE(TT_TTI_Delay!$C$4:$C$61))) -> 35.776598 | J12: =AVERAGE(B12:F12) -> 25.903988 | K12: =AVERAGE(G12:H12) -> 31.473408
A13: 0.40625 | B13: =AVERAGEIF(Monday!$A$2:$A$1509, "02/06/2025 09:45:00", Monday!$G$2:$G$1509) -> 25.999429 | C13: =AVERAGEIF(Tuesday!$A$2:$A$1509, "27/05/2025 09:45:00", Tuesday!$G$2:$G$1509) -> 25.49884 | D13: =AVERAGEIF(Wednesday!$A$2:$A$1509, "28/05/2025 09:45:00", Wednesday!$G$2:$G$1509) -> 26.254168 | E13: =AVERAGEIF(Thursday!$A$2:$A$1509, "29/05/2025 09:45:00", Thursday!$G$2:$G$1509) -> 25.736287 | F13: =AVERAGEIF(Friday!$A$2:$A$1509, "30/05/2025 09:45:00", Friday!$G$2:$G$1509) -> 27.018625 | G13: =AVERAGEIF(Saturday!$A$2:$A$1509, "31/05/2025 09:45:00", Saturday!$G$2:$G$1509) -> 29.620376 | H13: =AVERAGEIF(Sunday!$A$2:$A$1509, "01/06/2025 09:45:00", Sunday!$G$2:$G$1509) -> 32.750293 | I13: =(AVERAGE(TT_TTI_Delay!$B$4:$B$61)*60/(AVERAGE(TT_TTI_Delay!$C$4:$C$61))) -> 35.776598 | J13: =AVERAGE(B13:F13) -> 26.10147 | K13: =AVERAGE(G13:H13) -> 31.185335
A14: 0.41666667 | B14: =AVERAGEIF(Monday!$A$2:$A$1509, "02/06/2025 10:00:00", Monday!$G$2:$G$1509) -> 26.091606 | C14: =AVERAGEIF(Tuesday!$A$2:$A$1509, "27/05/2025 10:00:00", Tuesday!$G$2:$G$1509) -> 25.420632 | D14: =AVERAGEIF(Wednesday!$A$2:$A$1509, "28/05/2025 10:00:00", Wednesday!$G$2:$G$1509) -> 26.501093 | E14: =AVERAGEIF(Thursday!$A$2:$A$1509, "29/05/2025 10:00:00", Thursday!$G$2:$G$1509) -> 26.047752 | F14: =AVERAGEIF(Friday!$A$2:$A$1509, "30/05/2025 10:00:00", Friday!$G$2:$G$1509) -> 27.218219 | G14: =AVERAGEIF(Saturday!$A$2:$A$1509, "31/05/2025 10:00:00", Saturday!$G$2:$G$1509) -> 29.471927 | H14: =AVERAGEIF(Sunday!$A$2:$A$1509, "01/06/2025 10:00:00", Sunday!$G$2:$G$1509) -> 32.950955 | I14: =(AVERAGE(TT_TTI_Delay!$B$4:$B$61)*60/(AVERAGE(TT_TTI_Delay!$C$4:$C$61))) -> 35.776598 | J14: =AVERAGE(B14:F14) -> 26.25586 | K14: =AVERAGE(G14:H14) -> 31.211441
A15: 0.66666667 | B15: =AVERAGEIF(Monday!$A$2:$A$1509, "02/06/2025 16:00:00", Monday!$G$2:$G$1509) -> 25.531353 | C15: =AVERAGEIF(Tuesday!$A$2:$A$1509, "27/05/2025 16:00:00", Tuesday!$G$2:$G$1509) -> 26.354058 | D15: =AVERAGEIF(Wednesday!$A$2:$A$1509, "28/05/2025 16:00:00", Wednesday!$G$2:$G$1509) -> 25.584355 | E15: =AVERAGEIF(Thursday!$A$2:$A$1509, "29/05/2025 16:00:00", Thursday!$G$2:$G$1509) -> 25.366387 | F15: =AVERAGEIF(Friday!$A$2:$A$1509, "30/05/2025 16:00:00", Friday!$G$2:$G$1509) -> 24.483168 | G15: =AVERAGEIF(Saturday!$A$2:$A$1509, "31/05/2025 16:00:00", Saturday!$G$2:$G$1509) -> 28.401479 | H15: =AVERAGEIF(Sunday!$A$2:$A$1509, "01/06/2025 16:00:00", Sunday!$G$2:$G$1509) -> 31.620088 | I15: =(AVERAGE(TT_TTI_Delay!$B$4:$B$61)*60/(AVERAGE(TT_TTI_Delay!$C$4:$C$61))) -> 35.776598 | J15: =AVERAGE(B15:F15) -> 25.463864 | K15: =AVERAGE(G15:H15) -> 30.010783
A16: 0.67708333 | B16: =AVERAGEIF(Monday!$A$2:$A$1509, "02/06/2025 16:15:00", Monday!$G$2:$G$1509) -> 24.815328 | C16: =AVERAGEIF(Tuesday!$A$2:$A$1509, "27/05/2025 16:15:00", Tuesday!$G$2:$G$1509) -> 26.082008 | D16: =AVERAGEIF(Wednesday!$A$2:$A$1509, "28/05/2025 16:15:00", Wednesday!$G$2:$G$1509) -> 25.530577 | E16: =AVERAGEIF(Thursday!$A$2:$A$1509, "29/05/2025 16:15:00", Thursday!$G$2:$G$1509) -> 25.259553 | F16: =AVERAGEIF(Friday!$A$2:$A$1509, "30/05/2025 16:15:00", Friday!$G$2:$G$1509) -> 24.705359 | G16: =AVERAGEIF(Saturday!$A$2:$A$1509, "31/05/2025 16:15:00", Saturday!$G$2:$G$1509) -> 28.124726 | H16: =AVERAGEIF(Sunday!$A$2:$A$1509, "01/06/2025 16:15:00", Sunday!$G$2:$G$1509) -> 31.338982 | I16: =(AVERAGE(TT_TTI_Delay!$B$4:$B$61)*60/(AVERAGE(TT_TTI_Delay!$C$4:$C$61))) -> 35.776598 | J16: =AVERAGE(B16:F16) -> 25.278565 | K16: =AVERAGE(G16:H16) -> 29.731854
A17: 0.6875 | B17: =AVERAGEIF(Monday!$A$2:$A$1509, "02/06/2025 16:30:00", Monday!$G$2:$G$1509) -> 24.906714 | C17: =AVERAGEIF(Tuesday!$A$2:$A$1509, "27/05/2025 16:30:00", Tuesday!$G$2:$G$1509) -> 25.746541 | D17: =AVERAGEIF(Wednesday!$A$2:$A$1509, "28/05/2025 16:30:00", Wednesday!$G$2:$G$1509) -> 25.360136 | E17: =AVERAGEIF(Thursday!$A$2:$A$1509, "29/05/2025 16:30:00", Thursday!$G$2:$G$1509) -> 24.771326 | F17: =AVERAGEIF(Friday!$A$2:$A$1509, "30/05/2025 16:30:00", Friday!$G$2:$G$1509) -> 24.6967 | G17: =AVERAGEIF(Saturday!$A$2:$A$1509, "31/05/2025 16:30:00", Saturday!$G$2:$G$1509) -> 27.993288 | H17: =AVERAGEIF(Sunday!$A$2:$A$1509, "01/06/2025 16:30:00", Sunday!$G$2:$G$1509) -> 30.884666 | I17: =(AVERAGE(TT_TTI_Delay!$B$4:$B$61)*60/(AVERAGE(TT_TTI_Delay!$C$4:$C$61))) -> 35.776598 | J17: =AVERAGE(B17:F17) -> 25.096283 | K17: =AVERAGE(G17:H17) -> 29.438977
A18: 0.69791667 | B18: =AVERAGEIF(Monday!$A$2:$A$1509, "02/06/2025 16:45:00", Monday!$G$2:$G$1509) -> 24.210655 | C18: =AVERAGEIF(Tuesday!$A$2:$A$1509, "27/05/2025 16:45:00", Tuesday!$G$2:$G$1509) -> 25.518899 | D18: =AVERAGEIF(Wednesday!$A$2:$A$1509, "28/05/2025 16:45:00", Wednesday!$G$2:$G$1509) -> 24.931314 | E18: =AVERAGEIF(Thursday!$A$2:$A$1509, "29/05/2025 16:45:00", Thursday!$G$2:$G$1509) -> 24.163268 | F18: =AVERAGEIF(Friday!$A$2:$A$1509, "30/05/2025 16:45:00", Friday!$G$2:$G$1509) -> 24.401095 | G18: =AVERAGEIF(Saturday!$A$2:$A$1509, "31/05/2025 16:45:00", Saturday!$G$2:$G$1509) -> 27.998023 | H18: =AVERAGEIF(Sunday!$A$2:$A$1509, "01/06/2025 16:45:00", Sunday!$G$2:$G$1509) -> 31.058147 | I18: =(AVERAGE(TT_TTI_Delay!$B$4:$B$61)*60/(AVERAGE(TT_TTI_Delay!$C$4:$C$61))) -> 35.776598 | J18: =AVERAGE(B18:F18) -> 24.645046 | K18: =AVERAGE(G18:H18) -> 29.528085
A19: 0.70833333 | B19: =AVERAGEIF(Monday!$A$2:$A$1509, "02/06/2025 17:00:00", Monday!$G$2:$G$1509) -> 23.886806 | C19: =AVERAGEIF(Tuesday!$A$2:$A$1509, "27/05/2025 17:00:00", Tuesday!$G$2:$G$1509) -> 25.418612 | D19: =AVERAGEIF(Wednesday!$A$2:$A$1509, "28/05/2025 17:00:00", Wednesday!$G$2:$G$1509) -> 25.078971 | E19: =AVERAGEIF(Thursday!$A$2:$A$1509, "29/05/2025 17:00:00", Thursday!$G$2:$G$1509) -> 23.911428 | F19: =AVERAGEIF(Friday!$A$2:$A$1509, "30/05/2025 17:00:00", Friday!$G$2:$G$1509) -> 23.997227 | G19: =AVERAGEIF(Saturday!$A$2:$A$1509, "31/05/2025 17:00:00", Saturday!$G$2:$G$1509) -> 28.20585 | H19: =AVERAGEIF(Sunday!$A$2:$A$1509, "01/06/2025 17:00:00", Sunday!$G$2:$G$1509) -> 31.055759 | I19: =(AVERAGE(TT_TTI_Delay!$B$4:$B$61)*60/(AVERAGE(TT_TTI_Delay!$C$4:$C$61))) -> 35.776598 | J19: =AVERAGE(B19:F19) -> 24.458609 | K19: =AVERAGE(G19:H19) -> 29.630804
A20: 0.71875 | B20: =AVERAGEIF(Monday!$A$2:$A$1509, "02/06/2025 17:15:00", Monday!$G$2:$G$1509) -> 24.528328 | C20: =AVERAGEIF(Tuesday!$A$2:$A$1509, "27/05/2025 17:15:00", Tuesday!$G$2:$G$1509) -> 24.735668 | D20: =AVERAGEIF(Wednesday!$A$2:$A$1509, "28/05/2025 17:15:00", Wednesday!$G$2:$G$1509) -> 24.796203 | E20: =AVERAGEIF(Thursday!$A$2:$A$1509, "29/05/2025 17:15:00", Thursday!$G$2:$G$1509) -> 24.210469 | F20: =AVERAGEIF(Friday!$A$2:$A$1509, "30/05/2025 17:15:00", Friday!$G$2:$G$1509) -> 24.393475 | G20: =AVERAGEIF(Saturday!$A$2:$A$1509, "31/05/2025 17:15:00", Saturday!$G$2:$G$1509) -> 28.052794 | H20: =AVERAGEIF(Sunday!$A$2:$A$1509, "01/06/2025 17:15:00", Sunday!$G$2:$G$1509) -> 30.974217 | I20: =(AVERAGE(TT_TTI_Delay!$B$4:$B$61)*60/(AVERAGE(TT_TTI_Delay!$C$4:$C$61))) -> 35.776598 | J20: =AVERAGE(B20:F20) -> 24.532829 | K20: =AVERAGE(G20:H20) -> 29.513506
A21: 0.72916667 | B21: =AVERAGEIF(Monday!$A$2:$A$1509, "02/06/2025 17:30:00", Monday!$G$2:$G$1509) -> 25.426487 | C21: =AVERAGEIF(Tuesday!$A$2:$A$1509, "27/05/2025 17:30:00", Tuesday!$G$2:$G$1509) -> 25.378191 | D21: =AVERAGEIF(Wednesday!$A$2:$A$1509, "28/05/2025 17:30:00", Wednesday!$G$2:$G$1509) -> 24.350298 | E21: =AVERAGEIF(Thursday!$A$2:$A$1509, "29/05/2025 17:30:00", Thursday!$G$2:$G$1509) -> 25.128003 | F21: =AVERAGEIF(Friday!$A$2:$A$1509, "30/05/2025 17:30:00", Friday!$G$2:$G$1509) -> 24.535603 | G21: =AVERAGEIF(Saturday!$A$2:$A$1509, "31/05/2025 17:30:00", Saturday!$G$2:$G$1509) -> 28.186949 | H21: =AVERAGEIF(Sunday!$A$2:$A$1509, "01/06/2025 17:30:00", Sunday!$G$2:$G$1509) -> 30.711072 | I21: =(AVERAGE(TT_TTI_Delay!$B$4:$B$61)*60/(AVERAGE(TT_TTI_Delay!$C$4:$C$61))) -> 35.776598 | J21: =AVERAGE(B21:F21) -> 24.963716 | K21: =AVERAGE(G21:H21) -> 29.449011
A22: 0.73958333 | B22: =AVERAGEIF(Monday!$A$2:$A$1509, "02/06/2025 17:45:00", Monday!$G$2:$G$1509) -> 23.39373 | C22: =AVERAGEIF(Tuesday!$A$2:$A$1509, "27/05/2025 17:45:00", Tuesday!$G$2:$G$1509) -> 23.379739 | D22: =AVERAGEIF(Wednesday!$A$2:$A$1509, "28/05/2025 17:45:00", Wednesday!$G$2:$G$1509) -> 23.606226 | E22: =AVERAGEIF(Thursday!$A$2:$A$1509, "29/05/2025 17:45:00", Thursday!$G$2:$G$1509) -> 23.504599 | F22: =AVERAGEIF(Friday!$A$2:$A$1509, "30/05/2025 17:45:00", Friday!$G$2:$G$1509) -> 23.397708 | G22: =AVERAGEIF(Saturday!$A$2:$A$1509, "31/05/2025 17:45:00", Saturday!$G$2:$G$1509) -> 27.912621 | H22: =AVERAGEIF(Sunday!$A$2:$A$1509, "01/06/2025 17:45:00", Sunday!$G$2:$G$1509) -> 30.611901 | I22: =(AVERAGE(TT_TTI_Delay!$B$4:$B$61)*60/(AVERAGE(TT_TTI_Delay!$C$4:$C$61))) -> 35.776598 | J22: =AVERAGE(B22:F22) -> 23.4564 | K22: =AVERAGE(G22:H22) -> 29.262261
A23: 0.75 | B23: =AVERAGEIF(Monday!$A$2:$A$1509, "02/06/2025 18:00:00", Monday!$G$2:$G$1509) -> 20.716334 | C23: =AVERAGEIF(Tuesday!$A$2:$A$1509, "27/05/2025 18:00:00", Tuesday!$G$2:$G$1509) -> 21.305148 | D23: =AVERAGEIF(Wednesday!$A$2:$A$1509, "28/05/2025 18:00:00", Wednesday!$G$2:$G$1509) -> 21.501346 | E23: =AVERAGEIF(Thursday!$A$2:$A$1509, "29/05/2025 18:00:00", Thursday!$G$2:$G$1509) -> 21.019063 | F23: =AVERAGEIF(Friday!$A$2:$A$1509, "30/05/2025 18:00:00", Friday!$G$2:$G$1509) -> 21.675812 | G23: =AVERAGEIF(Saturday!$A$2:$A$1509, "31/05/2025 18:00:00", Saturday!$G$2:$G$1509) -> 27.521832 | H23: =AVERAGEIF(Sunday!$A$2:$A$1509, "01/06/2025 18:00:00", Sunday!$G$2:$G$1509) -> 29.788497 | I23: =(AVERAGE(TT_TTI_Delay!$B$4:$B$61)*60/(AVERAGE(TT_TTI_Delay!$C$4:$C$61))) -> 35.776598 | J23: =AVERAGE(B23:F23) -> 21.243541 | K23: =AVERAGE(G23:H23) -> 28.655164
A24: 0.76041667 | B24: =AVERAGEIF(Monday!$A$2:$A$1509, "02/06/2025 18:15:00", Monday!$G$2:$G$1509) -> 20.760907 | C24: =AVERAGEIF(Tuesday!$A$2:$A$1509, "27/05/2025 18:15:00", Tuesday!$G$2:$G$1509) -> 21.293364 | D24: =AVERAGEIF(Wednesday!$A$2:$A$1509, "28/05/2025 18:15:00", Wednesday!$G$2:$G$1509) -> 21.306703 | E24: =AVERAGEIF(Thursday!$A$2:$A$1509, "29/05/2025 18:15:00", Thursday!$G$2:$G$1509) -> 20.989922 | F24: =AVERAGEIF(Friday!$A$2:$A$1509, "30/05/2025 18:15:00", Friday!$G$2:$G$1509) -> 20.988953 | G24: =AVERAGEIF(Saturday!$A$2:$A$1509, "31/05/2025 18:15:00", Saturday!$G$2:$G$1509) -> 26.988806 | H24: =AVERAGEIF(Sunday!$A$2:$A$1509, "01/06/2025 18:15:00", Sunday!$G$2:$G$1509) -> 29.855759 | I24: =(AVERAGE(TT_TTI_Delay!$B$4:$B$61)*60/(AVERAGE(TT_TTI_Delay!$C$4:$C$61))) -> 35.776598 | J24: =AVERAGE(B24:F24) -> 21.06797 | K24: =AVERAGE(G24:H24) -> 28.422283
A25: 0.77083333 | B25: =AVERAGEIF(Monday!$A$2:$A$1509, "02/06/2025 18:30:00", Monday!$G$2:$G$1509) -> 21.949023 | C25: =AVERAGEIF(Tuesday!$A$2:$A$1509, "27/05/2025 18:30:00", Tuesday!$G$2:$G$1509) -> 22.056838 | D25: =AVERAGEIF(Wednesday!$A$2:$A$1509, "28/05/2025 18:30:00", Wednesday!$G$2:$G$1509) -> 22.454493 | E25: =AVERAGEIF(Thursday!$A$2:$A$1509, "29/05/2025 18:30:00", Thursday!$G$2:$G$1509) -> 22.4057 | F25: =AVERAGEIF(Friday!$A$2:$A$1509, "30/05/2025 18:30:00", Friday!$G$2:$G$1509) -> 21.820877 | G25: =AVERAGEIF(Saturday!$A$2:$A$1509, "31/05/2025 18:30:00", Saturday!$G$2:$G$1509) -> 27.013211 | H25: =AVERAGEIF(Sunday!$A$2:$A$1509, "01/06/2025 18:30:00", Sunday!$G$2:$G$1509) -> 30.070983 | I25: =(AVERAGE(TT_TTI_Delay!$B$4:$B$61)*60/(AVERAGE(TT_TTI_Delay!$C$4:$C$61))) -> 35.776598 | J25: =AVERAGE(B25:F25) -> 22.137386 | K25: =AVERAGE(G25:H25) -> 28.542097
A26: 0.78125 | B26: =AVERAGEIF(Monday!$A$2:$A$1509, "02/06/2025 18:45:00", Monday!$G$2:$G$1509) -> 22.977592 | C26: =AVERAGEIF(Tuesday!$A$2:$A$1509, "27/05/2025 18:45:00", Tuesday!$G$2:$G$1509) -> 23.658346 | D26: =AVERAGEIF(Wednesday!$A$2:$A$1509, "28/05/2025 18:45:00", Wednesday!$G$2:$G$1509) -> 23.229341 | E26: =AVERAGEIF(Thursday!$A$2:$A$1509, "29/05/2025 18:45:00", Thursday!$G$2:$G$1509) -> 23.074987 | F26: =AVERAGEIF(Friday!$A$2:$A$1509, "30/05/2025 18:45:00", Friday!$G$2:$G$1509) -> 23.307874 | G26: =AVERAGEIF(Saturday!$A$2:$A$1509, "31/05/2025 18:45:00", Saturday!$G$2:$G$1509) -> 27.365288 | H26: =AVERAGEIF(Sunday!$A$2:$A$1509, "01/06/2025 18:45:00", Sunday!$G$2:$G$1509) -> 30.00387 | I26: =(AVERAGE(TT_TTI_Delay!$B$4:$B$61)*60/(AVERAGE(TT_TTI_Delay!$C$4:$C$61))) -> 35.776598 | J26: =AVERAGE(B26:F26) -> 23.249628 | K26: =AVERAGE(G26:H26) -> 28.684579
A27: 0.79166667 | B27: =AVERAGEIF(Monday!$A$2:$A$1509, "02/06/2025 19:00:00", Monday!$G$2:$G$1509) -> 23.307478 | C27: =AVERAGEIF(Tuesday!$A$2:$A$1509, "27/05/2025 19:00:00", Tuesday!$G$2:$G$1509) -> 24.740662 | D27: =AVERAGEIF(Wednesday!$A$2:$A$1509, "28/05/2025 19:00:00", Wednesday!$G$2:$G$1509) -> 24.349836 | E27: =AVERAGEIF(Thursday!$A$2:$A$1509, "29/05/2025 19:00:00", Thursday!$G$2:$G$1509) -> 24.005479 | F27: =AVERAGEIF(Friday!$A$2:$A$1509, "30/05/2025 19:00:00", Friday!$G$2:$G$1509) -> 24.166339 | G27: =AVERAGEIF(Saturday!$A$2:$A$1509, "31/05/2025 19:00:00", Saturday!$G$2:$G$1509) -> 27.298912 | H27: =AVERAGEIF(Sunday!$A$2:$A$1509, "01/06/2025 19:00:00", Sunday!$G$2:$G$1509) -> 30.0114 | I27: =(AVERAGE(TT_TTI_Delay!$B$4:$B$61)*60/(AVERAGE(TT_TTI_Delay!$C$4:$C$61))) -> 35.776598 | J27: =AVERAGE(B27:F27) -> 24.113959 | K27: =AVERAGE(G27:H27) -> 28.655156
B28: =AVERAGE(B2:B14,B15:B27) -> 25.541272 | C28: =AVERAGE(C2:C14,C15:C27) -> 25.89015 | D28: =AVERAGE(D2:D14,D15:D27) -> 26.03379 | E28: =AVERAGE(E2:E14,E15:E27) -> 25.723222 | F28: =AVERAGE(F2:F14,F15:F27) -> 25.845441 | G28: =AVERAGE(G2:G14,G15:G27) -> 29.735882 | H28: =AVERAGE(H2:H14,H15:H27) -> 32.468789 | J28: =AVERAGE(J2:J14,J15:J27) -> 25.806775 | K28: =AVERAGE(K2:K14,K15:K27) -> 31.102335

Sheet average_speed_per_route
A1: route_id | B1: distance_km | C1: Monday | E1: Tuesday | G1: Wednesday | I1: Thursday | K1: Friday | M1: Saturday | O1: Sunday | Q1: average speed week | U1: average speed weekend | Y1: average overall
C2: morning | D2: evening | E2: morning | F2: evening | G2: morning | H2: evening | I2: morning | J2: evening | K2: morning | L2: evening | M2: morning | N2: evening | O2: morning | P2: evening | Q2: morning | S2: evening | T2: evening | U2: morning | W2: evening | Y2: Morning | AA2: Evening | AB2: average by route
A3: 1 | B3: 1.53 | C3: =AVERAGEIF(Monday!$B$2:$B$755, Monday!B2, Monday!$G$2:$G$755) -> 30.651396 | D3: =AVERAGEIF(Monday!$B$756:$B$1509, Monday!B2, Monday!$G$756:$G$1509) -> 26.306036 | E3: =AVERAGEIF(Tuesday!$B$2:$B$755, Tuesday!B2, Tuesday!$G$2:$G$755) -> 30.199566 | F3: =AVERAGEIF(Tuesday!$B$756:$B$1509, Tuesday!B2, Tuesday!$G$756:$G$1509) -> 26.545611 | G3: =AVERAGEIF(Wednesday!$B$2:$B$755, Wednesday!B2, Wednesday!$G$2:$G$755) -> 30.642896 | H3: =AVERAGEIF(Wednesday!$B$756:$B$1509, Wednesday!B2, Wednesday!$G$756:$G$1509) -> 27.455504 | I3: =AVERAGEIF(Thursday!$B$2:$B$755, Thursday!B2, Thursday!$G$2:$G$755) -> 29.812406 | J3: =AVERAGEIF(Thursday!$B$756:$B$1509, Thursday!B2, Thursday!$G$756:$G$1509) -> 26.847635 | K3: =AVERAGEIF(Friday!$B$2:$B$755, Friday!B2, Friday!$G$2:$G$755) -> 29.734576 | L3: =AVERAGEIF(Friday!$B$756:$B$1509, Friday!B2, Friday!$G$756:$G$1509) -> 26.485601 | M3: =AVERAGEIF(Saturday!$B$2:$B$755, Saturday!B2, Saturday!$G$2:$G$755) -> 31.660214 | N3: =AVERAGEIF(Saturday!$B$756:$B$1509, Saturday!B2, Saturday!$G$756:$G$1509) -> 29.82414 | O3: =AVERAGEIF(Sunday!$B$2:$B$755, Sunday!B2, Sunday!$G$2:$G$755) -> 33.20623 | P3: =AVERAGEIF(Sunday!$B$756:$B$1509, Sunday!B2, Sunday!$G$756:$G$1509) -> 31.164645 | Q3: =AVERAGE(C3,E3,G3,I3,K3) -> 30.208168 | R3: =IF(Q3>36,"Free Flow",IF(Q3>=20,"Moderate","Heavy")) -> Moderate | S3: =AVERAGE(D3,F3,H3,J3,L3) -> 26.728078 | T3: =IF(S3>36,"Free Flow",IF(S3>=20,"Moderate","Heavy")) -> Moderate | U3: =AVERAGE(M3,O3) -> 32.433222 | V3: =IF(U3>36,"Free Flow",IF(U3>=20,"Moderate","Heavy")) -> Moderate | W3: =AVERAGE(N3,P3) -> 30.494392 | X3: =IF(W3>36,"Free Flow",IF(W3>=20,"Moderate","Heavy")) -> Moderate | Y3: =AVERAGE(Q3,U3) -> 31.320695 | AA3: =AVERAGE(S3,W3) -> 28.611235 | AB3: =AVERAGE(Q3,S3,U3,W3) -> 29.965965 | AC3: =IF(AB3>40,"Free Flow",IF(AB3>=20,"Moderate","Heavy")) -> Moderate
A4: 2 | B4: 1.57 | C4: =AVERAGEIF(Monday!$B$2:$B$755, Monday!B3, Monday!$G$2:$G$755) -> 19.835246 | D4: =AVERAGEIF(Monday!$B$756:$B$1509, Monday!B3, Monday!$G$756:$G$1509) -> 14.693277 | E4: =AVERAGEIF(Tuesday!$B$2:$B$755, Tuesday!B3, Tuesday!$G$2:$G$755) -> 20.36814 | F4: =AVERAGEIF(Tuesday!$B$756:$B$1509, Tuesday!B3, Tuesday!$G$756:$G$1509) -> 14.97408 | G4: =AVERAGEIF(Wednesday!$B$2:$B$755, Wednesday!B3, Wednesday!$G$2:$G$755) -> 19.963239 | H4: =AVERAGEIF(Wednesday!$B$756:$B$1509, Wednesday!B3, Wednesday!$G$756:$G$1509) -> 15.713638 | I4: =AVERAGEIF(Thursday!$B$2:$B$755, Thursday!B3, Thursday!$G$2:$G$755) -> 20.071378 | J4: =AVERAGEIF(Thursday!$B$756:$B$1509, Thursday!B3, Thursday!$G$756:$G$1509) -> 15.962283 | K4: =AVERAGEIF(Friday!$B$2:$B$755, Friday!B3, Friday!$G$2:$G$755) -> 19.559577 | L4: =AVERAGEIF(Friday!$B$756:$B$1509, Friday!B3, Friday!$G$756:$G$1509) -> 15.014762 | M4: =AVERAGEIF(Saturday!$B$2:$B$755, Saturday!B3, Saturday!$G$2:$G$755) -> 22.339376 | N4: =AVERAGEIF(Saturday!$B$756:$B$1509, Saturday!B3, Saturday!$G$756:$G$1509) -> 19.471773 | O4: =AVERAGEIF(Sunday!$B$2:$B$755, Sunday!B3, Sunday!$G$2:$G$755) -> 24.625383 | P4: =AVERAGEIF(Sunday!$B$756:$B$1509, Sunday!B3, Sunday!$G$756:$G$1509) -> 22.346496 | Q4: =AVERAGE(C4,E4,G4,I4,K4) -> 19.959516 | R4: =IF(Q4>36,"Free Flow",IF(Q4>=20,"Moderate","Heavy")) -> Heavy | S4: =AVERAGE(D4,F4,H4,J4,L4) -> 15.271608 | T4: =IF(S4>36,"Free Flow",IF(S4>=20,"Moderate","Heavy")) -> Heavy | U4: =AVERAGE(M4,O4) -> 23.48238 | V4: =IF(U4>36,"Free Flow",IF(U4>=20,"Moderate","Heavy")) -> Moderate | W4: =AVERAGE(N4,P4) -> 20.909134 | X4: =IF(W4>36,"Free Flow",IF(W4>=20,"Moderate","Heavy")) -> Moderate | Y4: =AVERAGE(Q4,U4) -> 21.720948 | AA4: =AVERAGE(S4,W4) -> 18.090371 | AB4: =AVERAGE(Q4,S4,U4,W4) -> 19.905659 | AC4: =IF(AB4>40,"Free Flow",IF(AB4>=20,"Moderate","Heavy")) -> Heavy
A5: 3 | B5: 1.5 | C5: =AVERAGEIF(Monday!$B$2:$B$755, Monday!B4, Monday!$G$2:$G$755) -> 30.867703 | D5: =AVERAGEIF(Monday!$B$756:$B$1509, Monday!B4, Monday!$G$756:$G$1509) -> 25.020003 | E5: =AVERAGEIF(Tuesday!$B$2:$B$755, Tuesday!B4, Tuesday!$G$2:$G$755) -> 30.332524 | F5: =AVERAGEIF(Tuesday!$B$756:$B$1509, Tuesday!B4, Tuesday!$G$756:$G$1509) -> 25.628966 | G5: =AVERAGEIF(Wednesday!$B$2:$B$755, Wednesday!B4, Wednesday!$G$2:$G$755) -> 30.71303 | H5: =AVERAGEIF(Wednesday!$B$756:$B$1509, Wednesday!B4, Wednesday!$G$756:$G$1509) -> 25.567933 | I5: =AVERAGEIF(Thursday!$B$2:$B$755, Thursday!B4, Thursday!$G$2:$G$755) -> 30.495257 | J5: =AVERAGEIF(Thursday!$B$756:$B$1509, Thursday!B4, Thursday!$G$756:$G$1509) -> 24.830409 | K5: =AVERAGEIF(Friday!$B$2:$B$755, Friday!B4, Friday!$G$2:$G$755) -> 30.251456 | L5: =AVERAGEIF(Friday!$B$756:$B$1509, Friday!B4, Friday!$G$756:$G$1509) -> 24.960123 | M5: =AVERAGEIF(Saturday!$B$2:$B$755, Saturday!B4, Saturday!$G$2:$G$755) -> 32.436437 | N5: =AVERAGEIF(Saturday!$B$756:$B$1509, Saturday!B4, Saturday!$G$756:$G$1509) -> 29.197528 | O5: =AVERAGEIF(Sunday!$B$2:$B$755, Sunday!B4, Sunday!$G$2:$G$755) -> 33.864398 | P5: =AVERAGEIF(Sunday!$B$756:$B$1509, Sunday!B4, Sunday!$G$756:$G$1509) -> 30.886817 | Q5: =AVERAGE(C5,E5,G5,I5,K5) -> 30.531994 | R5: =IF(Q5>36,"Free Flow",IF(Q5>=20,"Moderate","Heavy")) -> Moderate | S5: =AVERAGE(D5,F5,H5,J5,L5) -> 25.201487 | T5: =IF(S5>36,"Free Flow",IF(S5>=20,"Moderate","Heavy")) -> Moderate | U5: =AVERAGE(M5,O5) -> 33.150417 | V5: =IF(U5>36,"Free Flow",IF(U5>=20,"Moderate","Heavy")) -> Moderate | W5: =AVERAGE(N5,P5) -> 30.042173 | X5: =IF(W5>36,"Free Flow",IF(W5>=20,"Moderate","Heavy")) -> Moderate | Y5: =AVERAGE(Q5,U5) -> 31.841206 | AA5: =AVERAGE(S5,W5) -> 27.62183 | AB5: =AVERAGE(Q5,S5,U5,W5) -> 29.731518 | AC5: =IF(AB5>40,"Free Flow",IF(AB5>=20,"Moderate","Heavy")) -> Moderate
A6: 4 | B6: 1.5 | C6: =AVERAGEIF(Monday!$B$2:$B$755, Monday!B5, Monday!$G$2:$G$755) -> 33.473634 | D6: =AVERAGEIF(Monday!$B$756:$B$1509, Monday!B5, Monday!$G$756:$G$1509) -> 26.420167 | E6: =AVERAGEIF(Tuesday!$B$2:$B$755, Tuesday!B5, Tuesday!$G$2:$G$755) -> 33.95128 | F6: =AVERAGEIF(Tuesday!$B$756:$B$1509, Tuesday!B5, Tuesday!$G$756:$G$1509) -> 28.615189 | G6: =AVERAGEIF(Wednesday!$B$2:$B$755, Wednesday!B5, Wednesday!$G$2:$G$755) -> 34.085453 | H6: =AVERAGEIF(Wednesday!$B$756:$B$1509, Wednesday!B5, Wednesday!$G$756:$G$1509) -> 28.900019 | I6: =AVERAGEIF(Thursday!$B$2:$B$755, Thursday!B5, Thursday!$G$2:$G$755) -> 33.121952 | J6: =AVERAGEIF(Thursday!$B$756:$B$1509, Thursday!B5, Thursday!$G$756:$G$1509) -> 28.58784 | K6: =AVERAGEIF(Friday!$B$2:$B$755, Friday!B5, Friday!$G$2:$G$755) -> 33.564462 | L6: =AVERAGEIF(Friday!$B$756:$B$1509, Friday!B5, Friday!$G$756:$G$1509) -> 28.493628 | M6: =AVERAGEIF(Saturday!$B$2:$B$755, Saturday!B5, Saturday!$G$2:$G$755) -> 34.777811 | N6: =AVERAGEIF(Saturday!$B$756:$B$1509, Saturday!B5, Saturday!$G$756:$G$1509) -> 29.917673 | O6: =AVERAGEIF(Sunday!$B$2:$B$755, Sunday!B5, Sunday!$G$2:$G$755) -> 37.266707 | P6: =AVERAGEIF(Sunday!$B$756:$B$1509, Sunday!B5, Sunday!$G$756:$G$1509) -> 31.962573 | Q6: =AVERAGE(C6,E6,G6,I6,K6) -> 33.639356 | R6: =IF(Q6>36,"Free Flow",IF(Q6>=20,"Moderate","Heavy")) -> Moderate | S6: =AVERAGE(D6,F6,H6,J6,L6) -> 28.203369 | T6: =IF(S6>36,"Free Flow",IF(S6>=20,"Moderate","Heavy")) -> Moderate | U6: =AVERAGE(M6,O6) -> 36.022259 | V6: =IF(U6>36,"Free Flow",IF(U6>=20,"Moderate","Heavy")) -> Free Flow | W6: =AVERAGE(N6,P6) -> 30.940123 | X6: =IF(W6>36,"Free Flow",IF(W6>=20,"Moderate","Heavy")) -> Moderate | Y6: =AVERAGE(Q6,U6) -> 34.830807 | AA6: =AVERAGE(S6,W6) -> 29.571746 | AB6: =AVERAGE(Q6,S6,U6,W6) -> 32.201277 | AC6: =IF(AB6>40,"Free Flow",IF(AB6>=20,"Moderate","Heavy")) -> Moderate
A7: 5 | B7: 1.52 | C7: =AVERAGEIF(Monday!$B$2:$B$755, Monday!B6, Monday!$G$2:$G$755) -> 29.648683 | D7: =AVERAGEIF(Monday!$B$756:$B$1509, Monday!B6, Monday!$G$756:$G$1509) -> 21.094186 | E7: =AVERAGEIF(Tuesday!$B$2:$B$755, Tuesday!B6, Tuesday!$G$2:$G$755) -> 29.559802 | F7: =AVERAGEIF(Tuesday!$B$756:$B$1509, Tuesday!B6, Tuesday!$G$756:$G$1509) -> 23.958601 | G7: =AVERAGEIF(Wednesday!$B$2:$B$755, Wednesday!B6, Wednesday!$G$2:$G$755) -> 30.568317 | H7: =AVERAGEIF(Wednesday!$B$756:$B$1509, Wednesday!B6, Wednesday!$G$756:$G$1509) -> 22.066455 | I7: =AVERAGEIF(Thursday!$B$2:$B$755, Thursday!B6, Thursday!$G$2:$G$755) -> 29.024963 | J7: =AVERAGEIF(Thursday!$B$756:$B$1509, Thursday!B6, Thursday!$G$756:$G$1509) -> 21.312391 | K7: =AVERAGEIF(Friday!$B$2:$B$755, Friday!B6, Friday!$G$2:$G$755) -> 29.91933 | L7: =AVERAGEIF(Friday!$B$756:$B$1509, Friday!B6, Friday!$G$756:$G$1509) -> 22.007666 | M7: =AVERAGEIF(Saturday!$B$2:$B$755, Saturday!B6, Saturday!$G$2:$G$755) -> 31.600671 | N7: =AVERAGEIF(Saturday!$B$756:$B$1509, Saturday!B6, Saturday!$G$756:$G$1509) -> 25.370261 | O7: =AVERAGEIF(Sunday!$B$2:$B$755, Sunday!B6, Sunday!$G$2:$G$755) -> 34.30725 | P7: =AVERAGEIF(Sunday!$B$756:$B$1509, Sunday!B6, Sunday!$G$756:$G$1509) -> 28.016227 | Q7: =AVERAGE(C7,E7,G7,I7,K7) -> 29.744219 | R7: =IF(Q7>36,"Free Flow",IF(Q7>=20,"Moderate","Heavy")) -> Moderate | S7: =AVERAGE(D7,F7,H7,J7,L7) -> 22.08786 | T7: =IF(S7>36,"Free Flow",IF(S7>=20,"Moderate","Heavy")) -> Moderate | U7: =AVERAGE(M7,O7) -> 32.95396 | V7: =IF(U7>36,"Free Flow",IF(U7>=20,"Moderate","Heavy")) -> Moderate | W7: =AVERAGE(N7,P7) -> 26.693244 | X7: =IF(W7>36,"Free Flow",IF(W7>=20,"Moderate","Heavy")) -> Moderate | Y7: =AVERAGE(Q7,U7) -> 31.34909 | AA7: =AVERAGE(S7,W7) -> 24.390552 | AB7: =AVERAGE(Q7,S7,U7,W7) -> 27.869821 | AC7: =IF(AB7>40,"Free Flow",IF(AB7>=20,"Moderate","Heavy")) -> Moderate
A8: 6 | B8: 1.5 | C8: =AVERAGEIF(Monday!$B$2:$B$755, Monday!B7, Monday!$G$2:$G$755) -> 34.414863 | D8: =AVERAGEIF(Monday!$B$756:$B$1509, Monday!B7, Monday!$G$756:$G$1509) -> 32.636541 | E8: =AVERAGEIF(Tuesday!$B$2:$B$755, Tuesday!B7, Tuesday!$G$2:$G$755) -> 34.21969 | F8: =AVERAGEIF(Tuesday!$B$756:$B$1509, Tuesday!B7, Tuesday!$G$756:$G$1509) -> 32.552911 | G8: =AVERAGEIF(Wednesday!$B$2:$B$755, Wednesday!B7, Wednesday!$G$2:$G$755) -> 34.635386 | H8: =AVERAGEIF(Wednesday!$B$756:$B$1509, Wednesday!B7, Wednesday!$G$756:$G$1509) -> 31.307701 | I8: =AVERAGEIF(Thursday!$B$2:$B$755, Thursday!B7, Thursday!$G$2:$G$755) -> 33.836225 | J8: =AVERAGEIF(Thursday!$B$756:$B$1509, Thursday!B7, Thursday!$G$756:$G$1509) -> 32.053472 | K8: =AVERAGEIF(Friday!$B$2:$B$755, Friday!B7, Friday!$G$2:$G$755) -> 34.36578 | L8: =AVERAGEIF(Friday!$B$756:$B$1509, Friday!B7, Friday!$G$756:$G$1509) -> 32.31135 | M8: =AVERAGEIF(Saturday!$B$2:$B$755, Saturday!B7, Saturday!$G$2:$G$755) -> 36.208266 | N8: =AVERAGEIF(Saturday!$B$756:$B$1509, Saturday!B7, Saturday!$G$756:$G$1509) -> 33.686499 | O8: =AVERAGEIF(Sunday!$B$2:$B$755, Sunday!B7, Sunday!$G$2:$G$755) -> 39.084574 | P8: =AVERAGEIF(Sunday!$B$756:$B$1509, Sunday!B7, Sunday!$G$756:$G$1509) -> 35.822761 | Q8: =AVERAGE(C8,E8,G8,I8,K8) -> 34.294389 | R8: =IF(Q8>36,"Free Flow",IF(Q8>=20,"Moderate","Heavy")) -> Moderate | S8: =AVERAGE(D8,F8,H8,J8,L8) -> 32.172395 | T8: =IF(S8>36,"Free Flow",IF(S8>=20,"Moderate","Heavy")) -> Moderate | U8: =AVERAGE(M8,O8) -> 37.64642 | V8: =IF(U8>36,"Free Flow",IF(U8>=20,"Moderate","Heavy")) -> Free Flow | W8: =AVERAGE(N8,P8) -> 34.75463 | X8: =IF(W8>36,"Free Flow",IF(W8>=20,"Moderate","Heavy")) -> Moderate | Y8: =AVERAGE(Q8,U8) -> 35.970404 | AA8: =AVERAGE(S8,W8) -> 33.463513 | AB8: =AVERAGE(Q8,S8,U8,W8) -> 34.716959 | AC8: =IF(AB8>40,"Free Flow",IF(AB8>=20,"Moderate","Heavy")) -> Moderate
A9: 7 | B9: 1.54 | C9: =AVERAGEIF(Monday!$B$2:$B$755, Monday!B8, Monday!$G$2:$G$755) -> 35.198595 | D9: =AVERAGEIF(Monday!$B$756:$B$1509, Monday!B8, Monday!$G$756:$G$1509) -> 33.743656 | E9: =AVERAGEIF(Tuesday!$B$2:$B$755, Tuesday!B8, Tuesday!$G$2:$G$755) -> 35.114298 | F9: =AVERAGEIF(Tuesday!$B$756:$B$1509, Tuesday!B8, Tuesday!$G$756:$G$1509) -> 34.000484 | G9: =AVERAGEIF(Wednesday!$B$2:$B$755, Wednesday!B8, Wednesday!$G$2:$G$755) -> 35.731167 | H9: =AVERAGEIF(Wednesday!$B$756:$B$1509, Wednesday!B8, Wednesday!$G$756:$G$1509) -> 34.411216 | I9: =AVERAGEIF(Thursday!$B$2:$B$755, Thursday!B8, Thursday!$G$2:$G$755) -> 34.683587 | J9: =AVERAGEIF(Thursday!$B$756:$B$1509, Thursday!B8, Thursday!$G$756:$G$1509) -> 33.287905 | K9: =AVERAGEIF(Friday!$B$2:$B$755, Friday!B8, Friday!$G$2:$G$755) -> 35.306571 | L9: =AVERAGEIF(Friday!$B$756:$B$1509, Friday!B8, Friday!$G$756:$G$1509) -> 33.845698 | M9: =AVERAGEIF(Saturday!$B$2:$B$755, Saturday!B8, Saturday!$G$2:$G$755) -> 35.837338 | N9: =AVERAGEIF(Saturday!$B$756:$B$1509, Saturday!B8, Saturday!$G$756:$G$1509) -> 33.839389 | O9: =AVERAGEIF(Sunday!$B$2:$B$755, Sunday!B8, Sunday!$G$2:$G$755) -> 37.558551 | P9: =AVERAGEIF(Sunday!$B$756:$B$1509, Sunday!B8, Sunday!$G$756:$G$1509) -> 34.293236 | Q9: =AVERAGE(C9,E9,G9,I9,K9) -> 35.206844 | R9: =IF(Q9>36,"Free Flow",IF(Q9>=20,"Moderate","Heavy")) -> Moderate | S9: =AVERAGE(D9,F9,H9,J9,L9) -> 33.857792 | T9: =IF(S9>36,"Free Flow",IF(S9>=20,"Moderate","Heavy")) -> Moderate | U9: =AVERAGE(M9,O9) -> 36.697944 | V9: =IF(U9>36,"Free Flow",IF(U9>=20,"Moderate","Heavy")) -> Free Flow | W9: =AVERAGE(N9,P9) -> 34.066313 | X9: =IF(W9>36,"Free Flow",IF(W9>=20,"Moderate","Heavy")) -> Moderate | Y9: =AVERAGE(Q9,U9) -> 35.952394 | AA9: =AVERAGE(S9,W9) -> 33.962052 | AB9: =AVERAGE(Q9,S9,U9,W9) -> 34.957223 | AC9: =IF(AB9>40,"Free Flow",IF(AB9>=20,"Moderate","Heavy")) -> Moderate
A10: 8 | B10: 1.54 | C10: =AVERAGEIF(Monday!$B$2:$B$755, Monday!B9, Monday!$G$2:$G$755) -> 28.917651 | D10: =AVERAGEIF(Monday!$B$756:$B$1509, Monday!B9, Monday!$G$756:$G$1509) -> 27.559692 | E10: =AVERAGEIF(Tuesday!$B$2:$B$755, Tuesday!B9, Tuesday!$G$2:$G$755) -> 28.191257 | F10: =AVERAGEIF(Tuesday!$B$756:$B$1509, Tuesday!B9, Tuesday!$G$756:$G$1509) -> 28.319714 | G10: =AVERAGEIF(Wednesday!$B$2:$B$755, Wednesday!B9, Wednesday!$G$2:$G$755) -> 29.040994 | H10: =AVERAGEIF(Wednesday!$B$756:$B$1509, Wednesday!B9, Wednesday!$G$756:$G$1509) -> 28.183922 | I10: =AVERAGEIF(Thursday!$B$2:$B$755, Thursday!B9, Thursday!$G$2:$G$755) -> 28.316117 | J10: =AVERAGEIF(Thursday!$B$756:$B$1509, Thursday!B9, Thursday!$G$756:$G$1509) -> 27.25683 | K10: =AVERAGEIF(Friday!$B$2:$B$755, Friday!B9, Friday!$G$2:$G$755) -> 29.085548 | L10: =AVERAGEIF(Friday!$B$756:$B$1509, Friday!B9, Friday!$G$756:$G$1509) -> 27.800009 | M10: =AVERAGEIF(Saturday!$B$2:$B$755, Saturday!B9, Saturday!$G$2:$G$755) -> 30.997465 | N10: =AVERAGEIF(Saturday!$B$756:$B$1509, Saturday!B9, Saturday!$G$756:$G$1509) -> 29.132778 | O10: =AVERAGEIF(Sunday!$B$2:$B$755, Sunday!B9, Sunday!$G$2:$G$755) -> 33.309623 | P10: =AVERAGEIF(Sunday!$B$756:$B$1509, Sunday!B9, Sunday!$G$756:$G$1509) -> 30.615741 | Q10: =AVERAGE(C10,E10,G10,I10,K10) -> 28.710313 | R10: =IF(Q10>36,"Free Flow",IF(Q10>=20,"Moderate","Heavy")) -> Moderate | S10: =AVERAGE(D10,F10,H10,J10,L10) -> 27.824033 | T10: =IF(S10>36,"Free Flow",IF(S10>=20,"Moderate","Heavy")) -> Moderate | U10: =AVERAGE(M10,O10) -> 32.153544 | V10: =IF(U10>36,"Free Flow",IF(U10>=20,"Moderate","Heavy")) -> Moderate | W10: =AVERAGE(N10,P10) -> 29.87426 | X10: =IF(W10>36,"Free Flow",IF(W10>=20,"Moderate","Heavy")) -> Moderate | Y10: =AVERAGE(Q10,U10) -> 30.431929 | AA10: =AVERAGE(S10,W10) -> 28.849146 | AB10: =AVERAGE(Q10,S10,U10,W10) -> 29.640538 | AC10: =IF(AB10>40,"Free Flow",IF(AB10>=20,"Moderate","Heavy")) -> Moderate
A11: 9 | B11: 1.52 | C11: =AVERAGEIF(Monday!$B$2:$B$755, Monday!B10, Monday!$G$2:$G$755) -> 21.067477 | D11: =AVERAGEIF(Monday!$B$756:$B$1509, Monday!B10, Monday!$G$756:$G$1509) -> 18.020332 | E11: =AVERAGEIF(Tuesday!$B$2:$B$755, Tuesday!B10, Tuesday!$G$2:$G$755) -> 21.574538 | F11: =AVERAGEIF(Tuesday!$B$756:$B$1509, Tuesday!B10, Tuesday!$G$756:$G$1509) -> 22.886472 | G11: =AVERAGEIF(Wednesday!$B$2:$B$755, Wednesday!B10, Wednesday!$G$2:$G$755) -> 25.359699 | H11: =AVERAGEIF(Wednesday!$B$756:$B$1509, Wednesday!B10, Wednesday!$G$756:$G$1509) -> 22.67069 | I11: =AVERAGEIF(Thursday!$B$2:$B$755, Thursday!B10, Thursday!$G$2:$G$755) -> 25.200916 | J11: =AVERAGEIF(Thursday!$B$756:$B$1509, Thursday!B10, Thursday!$G$756:$G$1509) -> 23.637273 | K11: =AVERAGEIF(Friday!$B$2:$B$755, Friday!B10, Friday!$G$2:$G$755) -> 25.761869 | L11: =AVERAGEIF(Friday!$B$756:$B$1509, Friday!B10, Friday!$G$756:$G$1509) -> 25.335383 | M11: =AVERAGEIF(Saturday!$B$2:$B$755, Saturday!B10, Saturday!$G$2:$G$755) -> 30.937158 | N11: =AVERAGEIF(Saturday!$B$756:$B$1509, Saturday!B10, Saturday!$G$756:$G$1509) -> 23.537134 | O11: =AVERAGEIF(Sunday!$B$2:$B$755, Sunday!B10, Sunday!$G$2:$G$755) -> 34.13293 | P11: =AVERAGEIF(Sunday!$B$756:$B$1509, Sunday!B10, Sunday!$G$756:$G$1509) -> 27.985342 | Q11: =AVERAGE(C11,E11,G11,I11,K11) -> 23.7929 | R11: =IF(Q11>36,"Free Flow",IF(Q11>=20,"Moderate","Heavy")) -> Moderate | S11: =AVERAGE(D11,F11,H11,J11,L11) -> 22.51003 | T11: =IF(S11>36,"Free Flow",IF(S11>=20,"Moderate","Heavy")) -> Moderate | U11: =AVERAGE(M11,O11) -> 32.535044 | V11: =IF(U11>36,"Free Flow",IF(U11>=20,"Moderate","Heavy")) -> Moderate | W11: =AVERAGE(N11,P11) -> 25.761238 | X11: =IF(W11>36,"Free Flow",IF(W11>=20,"Moderate","Heavy")) -> Moderate | Y11: =AVERAGE(Q11,U11) -> 28.163972 | AA11: =AVERAGE(S11,W11) -> 24.135634 | AB11: =AVERAGE(Q11,S11,U11,W11) -> 26.149803 | AC11: =IF(AB11>40,"Free Flow",IF(AB11>=20,"Moderate","Heavy")) -> Moderate
A12: 10 | B12: 1.5 | C12: =AVERAGEIF(Monday!$B$2:$B$755, Monday!B11, Monday!$G$2:$G$755) -> 21.908957 | D12: =AVERAGEIF(Monday!$B$756:$B$1509, Monday!B11, Monday!$G$756:$G$1509) -> 19.111224 | E12: =AVERAGEIF(Tuesday!$B$2:$B$755, Tuesday!B11, Tuesday!$G$2:$G$755) -> 22.269839 | F12: =AVERAGEIF(Tuesday!$B$756:$B$1509, Tuesday!B11, Tuesday!$G$756:$G$1509) -> 19.288931 | G12: =AVERAGEIF(Wednesday!$B$2:$B$755, Wednesday!B11, Wednesday!$G$2:$G$755) -> 24.251543 | H12: =AVERAGEIF(Wednesday!$B$756:$B$1509, Wednesday!B11, Wednesday!$G$756:$G$1509) -> 21.536694 | I12: =AVERAGEIF(Thursday!$B$2:$B$755, Thursday!B11, Thursday!$G$2:$G$755) -> 24.484999 | J12: =AVERAGEIF(Thursday!$B$756:$B$1509, Thursday!B11, Thursday!$G$756:$G$1509) -> 21.107987 | K12: =AVERAGEIF(Friday!$B$2:$B$755, Friday!B11, Friday!$G$2:$G$755) -> 24.316634 | L12: =AVERAGEIF(Friday!$B$756:$B$1509, Friday!B11, Friday!$G$756:$G$1509) -> 20.681565 | M12: =AVERAGEIF(Saturday!$B$2:$B$755, Saturday!B11, Saturday!$G$2:$G$755) -> 28.830871 | N12: =AVERAGEIF(Saturday!$B$756:$B$1509, Saturday!B11, Saturday!$G$756:$G$1509) -> 22.332952 | O12: =AVERAGEIF(Sunday!$B$2:$B$755, Sunday!B11, Sunday!$G$2:$G$755) -> 32.587914 | P12: =AVERAGEIF(Sunday!$B$756:$B$1509, Sunday!B11, Sunday!$G$756:$G$1509) -> 26.191045 | Q12: =AVERAGE(C12,E12,G12,I12,K12) -> 23.446394 | R12: =IF(Q12>36,"Free Flow",IF(Q12>=20,"Moderate","Heavy")) -> Moderate | S12: =AVERAGE(D12,F12,H12,J12,L12) -> 20.34528 | T12: =IF(S12>36,"Free Flow",IF(S12>=20,"Moderate","Heavy")) -> Moderate | U12: =AVERAGE(M12,O12) -> 30.709392 | V12: =IF(U12>36,"Free Flow",IF(U12>=20,"Moderate","Heavy")) -> Moderate | W12: =AVERAGE(N12,P12) -> 24.261999 | X12: =IF(W12>36,"Free Flow",IF(W12>=20,"Moderate","Heavy")) -> Moderate | Y12: =AVERAGE(Q12,U12) -> 27.077893 | AA12: =AVERAGE(S12,W12) -> 22.303639 | AB12: =AVERAGE(Q12,S12,U12,W12) -> 24.690766 | AC12: =IF(AB12>40,"Free Flow",IF(AB12>=20,"Moderate","Heavy")) -> Moderate
A13: 11 | B13: 1.48 | C13: =AVERAGEIF(Monday!$B$2:$B$755, Monday!B12, Monday!$G$2:$G$755) -> 27.996873 | D13: =AVERAGEIF(Monday!$B$756:$B$1509, Monday!B12, Monday!$G$756:$G$1509) -> 25.664321 | E13: =AVERAGEIF(Tuesday!$B$2:$B$755, Tuesday!B12, Tuesday!$G$2:$G$755) -> 28.690587 | F13: =AVERAGEIF(Tuesday!$B$756:$B$1509, Tuesday!B12, Tuesday!$G$756:$G$1509) -> 26.849306 | G13: =AVERAGEIF(Wednesday!$B$2:$B$755, Wednesday!B12, Wednesday!$G$2:$G$755) -> 27.325155 | H13: =AVERAGEIF(Wednesday!$B$756:$B$1509, Wednesday!B12, Wednesday!$G$756:$G$1509) -> 24.168248 | I13: =AVERAGEIF(Thursday!$B$2:$B$755, Thursday!B12, Thursday!$G$2:$G$755) -> 29.617076 | J13: =AVERAGEIF(Thursday!$B$756:$B$1509, Thursday!B12, Thursday!$G$756:$G$1509) -> 24.231381 | K13: =AVERAGEIF(Friday!$B$2:$B$755, Friday!B12, Friday!$G$2:$G$755) -> 30.050418 | L13: =AVERAGEIF(Friday!$B$756:$B$1509, Friday!B12, Friday!$G$756:$G$1509) -> 23.40293 | M13: =AVERAGEIF(Saturday!$B$2:$B$755, Saturday!B12, Saturday!$G$2:$G$755) -> 39.015797 | N13: =AVERAGEIF(Saturday!$B$756:$B$1509, Saturday!B12, Saturday!$G$756:$G$1509) -> 35.847707 | O13: =AVERAGEIF(Sunday!$B$2:$B$755, Sunday!B12, Sunday!$G$2:$G$755) -> 42.063175 | P13: =AVERAGEIF(Sunday!$B$756:$B$1509, Sunday!B12, Sunday!$G$756:$G$1509) -> 37.944105 | Q13: =AVERAGE(C13,E13,G13,I13,K13) -> 28.736022 | R13: =IF(Q13>36,"Free Flow",IF(Q13>=20,"Moderate","Heavy")) -> Moderate | S13: =AVERAGE(D13,F13,H13,J13,L13) -> 24.863237 | T13: =IF(S13>36,"Free Flow",IF(S13>=20,"Moderate","Heavy")) -> Moderate | U13: =AVERAGE(M13,O13) -> 40.539486 | V13: =IF(U13>36,"Free Flow",IF(U13>=20,"Moderate","Heavy")) -> Free Flow | W13: =AVERAGE(N13,P13) -> 36.895906 | X13: =IF(W13>36,"Free Flow",IF(W13>=20,"Moderate","Heavy")) -> Free Flow | Y13: =AVERAGE(Q13,U13) -> 34.637754 | AA13: =AVERAGE(S13,W13) -> 30.879572 | AB13: =AVERAGE(Q13,S13,U13,W13) -> 32.758663 | AC13: =IF(AB13>40,"Free Flow",IF(AB13>=20,"Moderate","Heavy")) -> Moderate
A14: 12 | B14: 1.46 | C14: =AVERAGEIF(Monday!$B$2:$B$755, Monday!B13, Monday!$G$2:$G$755) -> 19.49666 | D14: =AVERAGEIF(Monday!$B$756:$B$1509, Monday!B13, Monday!$G$756:$G$1509) -> 16.496684 | E14: =AVERAGEIF(Tuesday!$B$2:$B$755, Tuesday!B13, Tuesday!$G$2:$G$755) -> 20.459921 | F14: =AVERAGEIF(Tuesday!$B$756:$B$1509, Tuesday!B13, Tuesday!$G$756:$G$1509) -> 19.663172 | G14: =AVERAGEIF(Wednesday!$B$2:$B$755, Wednesday!B13, Wednesday!$G$2:$G$755) -> 22.239266 | H14: =AVERAGEIF(Wednesday!$B$756:$B$1509, Wednesday!B13, Wednesday!$G$756:$G$1509) -> 19.695384 | I14: =AVERAGEIF(Thursday!$B$2:$B$755, Thursday!B13, Thursday!$G$2:$G$755) -> 22.793566 | J14: =AVERAGEIF(Thursday!$B$756:$B$1509, Thursday!B13, Thursday!$G$756:$G$1509) -> 18.735255 | K14: =AVERAGEIF(Friday!$B$2:$B$755, Friday!B13, Friday!$G$2:$G$755) -> 23.188043 | L14: =AVERAGEIF(Friday!$B$756:$B$1509, Friday!B13, Friday!$G$756:$G$1509) -> 18.602636 | M14: =AVERAGEIF(Saturday!$B$2:$B$755, Saturday!B13, Saturday!$G$2:$G$755) -> 29.056236 | N14: =AVERAGEIF(Saturday!$B$756:$B$1509, Saturday!B13, Saturday!$G$756:$G$1509) -> 24.346318 | O14: =AVERAGEIF(Sunday!$B$2:$B$755, Sunday!B13, Sunday!$G$2:$G$755) -> 33.11049 | P14: =AVERAGEIF(Sunday!$B$756:$B$1509, Sunday!B13, Sunday!$G$756:$G$1509) -> 26.739813 | Q14: =AVERAGE(C14,E14,G14,I14,K14) -> 21.635491 | R14: =IF(Q14>36,"Free Flow",IF(Q14>=20,"Moderate","Heavy")) -> Moderate | S14: =AVERAGE(D14,F14,H14,J14,L14) -> 18.638626 | T14: =IF(S14>36,"Free Flow",IF(S14>=20,"Moderate","Heavy")) -> Heavy | U14: =AVERAGE(M14,O14) -> 31.083363 | V14: =IF(U14>36,"Free Flow",IF(U14>=20,"Moderate","Heavy")) -> Moderate | W14: =AVERAGE(N14,P14) -> 25.543066 | X14: =IF(W14>36,"Free Flow",IF(W14>=20,"Moderate","Heavy")) -> Moderate | Y14: =AVERAGE(Q14,U14) -> 26.359427 | AA14: =AVERAGE(S14,W14) -> 22.090846 | AB14: =AVERAGE(Q14,S14,U14,W14) -> 24.225136 | AC14: =IF(AB14>40,"Free Flow",IF(AB14>=20,"Moderate","Heavy")) -> Moderate
... A60: 58 | B60: 1.5 | C60: =AVERAGEIF(Monday!$B$2:$B$755, Monday!B59, Monday!$G$2:$G$755) -> 24.967282 | D60: =AVERAGEIF(Monday!$B$756:$B$1509, Monday!B59, Monday!$G$756:$G$1509) -> 19.434114 | E60: =AVERAGEIF(Tuesday!$B$2:$B$755, Tuesday!B59, Tuesday!$G$2:$G$755) -> 25.93873 | F60: =AVERAGEIF(Tuesday!$B$756:$B$1509, Tuesday!B59, Tuesday!$G$756:$G$1509) -> 19.388089 | G60: =AVERAGEIF(Wednesday!$B$2:$B$755, Wednesday!B59, Wednesday!$G$2:$G$755) -> 25.073743 | H60: =AVERAGEIF(Wednesday!$B$756:$B$1509, Wednesday!B59, Wednesday!$G$756:$G$1509) -> 19.034297 | I60: =AVERAGEIF(Thursday!$B$2:$B$755, Thursday!B59, Thursday!$G$2:$G$755) -> 24.784763 | J60: =AVERAGEIF(Thursday!$B$756:$B$1509, Thursday!B59, Thursday!$G$756:$G$1509) -> 18.49284 | K60: =AVERAGEIF(Friday!$B$2:$B$755, Friday!B59, Friday!$G$2:$G$755) -> 24.640165 | L60: =AVERAGEIF(Friday!$B$756:$B$1509, Friday!B59, Friday!$G$756:$G$1509) -> 19.041883 | M60: =AVERAGEIF(Saturday!$B$2:$B$755, Saturday!B59, Saturday!$G$2:$G$755) -> 26.882512 | N60: =AVERAGEIF(Saturday!$B$756:$B$1509, Saturday!B59, Saturday!$G$756:$G$1509) -> 22.890381 | O60: =AVERAGEIF(Sunday!$B$2:$B$755, Sunday!B59, Sunday!$G$2:$G$755) -> 29.849479 | P60: =AVERAGEIF(Sunday!$B$756:$B$1509, Sunday!B59, Sunday!$G$756:$G$1509) -> 26.794173 | Q60: =AVERAGE(C60,E60,G60,I60,K60) -> 25.080936 | R60: =IF(Q60>36,"Free Flow",IF(Q60>=20,"Moderate","Heavy")) -> Moderate | S60: =AVERAGE(D60,F60,H60,J60,L60) -> 19.078245 | T60: =IF(S60>36,"Free Flow",IF(S60>=20,"Moderate","Heavy")) -> Heavy | U60: =AVERAGE(M60,O60) -> 28.365996 | V60: =IF(U60>36,"Free Flow",IF(U60>=20,"Moderate","Heavy")) -> Moderate | W60: =AVERAGE(N60,P60) -> 24.842277 | X60: =IF(W60>36,"Free Flow",IF(W60>=20,"Moderate","Heavy")) -> Moderate | Y60: =AVERAGE(Q60,U60) -> 26.723466 | AA60: =AVERAGE(S60,W60) -> 21.960261 | AB60: =AVERAGE(Q60,S60,U60,W60) -> 24.341863 | AC60: =IF(AB60>40,"Free Flow",IF(AB60>=20,"Moderate","Heavy")) -> Moderate
A61: Average values by time | C61: =AVERAGE(C3:C60) -> 27.512488 | D61: =AVERAGE(D3:D60) -> 23.570057 | E61: =AVERAGE(E3:E60) -> 27.49814 | F61: =AVERAGE(F3:F60) -> 24.28216 | G61: =AVERAGE(G3:G60) -> 28.061441 | H61: =AVERAGE(H3:H60) -> 24.006138 | I61: =AVERAGE(I3:I60) -> 27.768737 | J61: =AVERAGE(J3:J60) -> 23.677706 | ... Q61: =AVERAGE(Q3:Q60) -> 27.789873 | R61: =IF(Q61>36,"Free Flow",IF(Q61>=20,"Moderate","Heavy")) -> Moderate | S61: =AVERAGE(S3:S60) -> 23.823677 | T61: =IF(S61>36,"Free Flow",IF(S61>=20,"Moderate","Heavy")) -> Moderate | U61: =AVERAGE(U3:U60) -> 33.010474 | V61: =IF(U61>36,"Free Flow",IF(U61>=20,"Moderate","Heavy")) -> Moderate | W61: =AVERAGE(W3:W60) -> 29.194197 | X61: =IF(W61>36,"Free Flow",IF(W61>=20,"Moderate","Heavy")) -> Moderate | Y61: =AVERAGE(Y3:Y60) -> 30.400173 | Z61: =(SUM(Z3:Z60)) -> 0 | AA61: =AVERAGE(AA3:AA60) -> 26.508937 | AB61: =AVERAGE(Q61,S61,U61,W61) -> 28.454555 | AC61: =IF(AB61>40,"Free Flow",IF(AB61>=20,"Moderate","Heavy")) -> Moderate
Z64: 7
Z65: =7/58 -> 0.12068966

Sheet TT_TTI_Delay
A1: route_id | B1: distance_km | C1: FFTT | D1: TT | M1: Delay, min/km | AA1: TTI
D2: Week | G2: Weekend | J2: Average | M2: Week | Q2: Weekend | U2: Average delay per route | AA2: Week | AC2: Weekend | AE2: TTI per route
D3: morning | E3: evening | F3: average | G3: morning | H3: evening | I3: average | J3: Average morning | K3: Average evening | L3: Average by route | M3: morning | N3: evening | O3: Average week | Q3: morning | R3: evening | S3: Average weekend | U3: Average morning | W3: Average evening | Y3: Average delay per route | AA3: Weekday AM | AB3: Weekday PM | AC3: Weekend AM | AD3: Weekend PM
A4: 1 | B4: 1.53 | C4: 2.6 | D4: =B4*60/average_speed_per_route!Q3 -> 3.0389132 | E4: =B4*60/average_speed_per_route!S3 -> 3.4345905 | F4: =AVERAGE(D4:E4) -> 3.2367518 | G4: =B4*60/average_speed_per_route!U3 -> 2.8304311 | H4: =B4*60/average_speed_per_route!W3 -> 3.0103896 | I4: =AVERAGE(G4:H4) -> 2.9204103 | J4: =AVERAGE(D4,G4) -> 2.9346721 | K4: =AVERAGE(E4,H4) -> 3.22249 | L4: =AVERAGE(D4:E4,G4:H4) -> 3.0785811 | M4: =(D4-C4)/B4 -> 0.28687136 | N4: =(E4-C4)/B4 -> 0.54548396 | O4: =AVERAGE(M4:N4) -> 0.41617766 | P4: =IF(O4<=0.5,"Free flow", IF(O4<=1,"Stable flow", IF(O4<=2,"Nearing capacity",Unstable flow))) -> Free flow | Q4: =(G4-C4)/B4 -> 0.15060855 | R4: =(H4-C4)/B4 -> 0.26822847 | S4: =AVERAGE(Q4:R4) -> 0.20941851 | T4: =IF(S4<=0.5,"Free flow", IF(S4<=1,"Stable flow", IF(S4<=2,"Nearing capacity",Unstable flow))) -> Free flow | U4: =AVERAGE(M4,Q4) -> 0.21873995 | V4: =IF(U4<=0.5,"Free flow", IF(U4<=1,"Stable flow", IF(U4<=2,"Nearing capacity",Unstable flow))) -> Free flow | W4: =AVERAGE(N4,R4) -> 0.40685621 | X4: =IF(W4<=0.5,"Free flow", IF(W4<=1,"Stable flow", IF(W4<=2,"Nearing capacity",Unstable flow))) -> Free flow | Y4: =AVERAGE(M4:N4,Q4:R4) -> 0.31279808 | Z4: =IF(Y4<=0.5,"Free flow", IF(Y4<=1,"Stable flow", IF(Y4<=2,"Nearing capacity",Unstable flow))) -> Free flow | AA4: =D4/C4 -> 1.1688128 | AB4: =E4/C4 -> 1.3209963 | AC4: =G4/C4 -> 1.0886273 | AD4: =H4/C4 -> 1.1578421 | AE4: =AVERAGE(AA4:AD4) -> 1.1840696 | AF4: =IF(AE4<=1.2,"Free Flow",IF(AE4<=1.7,"Low congestion",IF(AE4<=2.2,"Moderate","Heavy"))) -> Free Flow
A5: 2 | B5: 1.57 | C5: 3.38 | D5: =B5*60/average_speed_per_route!Q4 -> 4.7195534 | E5: =B5*60/average_speed_per_route!S4 -> 6.1683092 | F5: =AVERAGE(D5:E5) -> 5.4439313 | G5: =B5*60/average_speed_per_route!U4 -> 4.0115185 | H5: =B5*60/average_speed_per_route!W4 -> 4.505208 | I5: =AVERAGE(G5:H5) -> 4.2583632 | J5: =AVERAGE(D5,G5) -> 4.3655359 | K5: =AVERAGE(E5,H5) -> 5.3367586 | L5: =AVERAGE(D5:E5,G5:H5) -> 4.8511473 | M5: =(D5-C5)/B5 -> 0.85321871 | N5: =(E5-C5)/B5 -> 1.7759931 | O5: =AVERAGE(M5:N5) -> 1.3146059 | P5: =IF(O5<=0.5,"Free flow", IF(O5<=1,"Stable flow", IF(O5<=2,"Nearing capacity",Unstable flow))) -> Nearing capacity | Q5: =(G5-C5)/B5 -> 0.40224107 | R5: =(H5-C5)/B5 -> 0.71669301 | S5: =AVERAGE(Q5:R5) -> 0.55946704 | T5: =IF(S5<=0.5,"Free flow", IF(S5<=1,"Stable flow", IF(S5<=2,"Nearing capacity",Unstable flow))) -> Stable flow | U5: =AVERAGE(M5,Q5) -> 0.62772989 | V5: =IF(U5<=0.5,"Free flow", IF(U5<=1,"Stable flow", IF(U5<=2,"Nearing capacity",Unstable flow))) -> Stable flow | W5: =AVERAGE(N5,R5) -> 1.2463431 | X5: =IF(W5<=0.5,"Free flow", IF(W5<=1,"Stable flow", IF(W5<=2,"Nearing capacity",Unstable flow))) -> Nearing capacity | Y5: =AVERAGE(M5:N5,Q5:R5) -> 0.93703647 | Z5: =IF(Y5<=0.5,"Free flow", IF(Y5<=1,"Stable flow", IF(Y5<=2,"Nearing capacity",Unstable flow))) -> Stable flow | AA5: =D5/C5 -> 1.3963176 | AB5: =E5/C5 -> 1.8249435 | AC5: =G5/C5 -> 1.1868398 | AD5: =H5/C5 -> 1.3329018 | AE5: =AVERAGE(AA5:AD5) -> 1.4352507 | AF5: =IF(AE5<=1.2,"Free Flow",IF(AE5<=1.7,"Low congestion",IF(AE5<=2.2,"Moderate","Heavy"))) -> Low congestion
A6: 3 | B6: 1.5 | C6: 2.55 | D6: =B6*60/average_speed_per_route!Q5 -> 2.9477276 | E6: =B6*60/average_speed_per_route!S5 -> 3.5712179 | F6: =AVERAGE(D6:E6) -> 3.2594727 | G6: =B6*60/average_speed_per_route!U5 -> 2.7148979 | H6: =B6*60/average_speed_per_route!W5 -> 2.9957886 | I6: =AVERAGE(G6:H6) -> 2.8553433 | J6: =AVERAGE(D6,G6) -> 2.8313127 | K6: =AVERAGE(E6,H6) -> 3.2835033 | L6: =AVERAGE(D6:E6,G6:H6) -> 3.057408 | M6: =(D6-C6)/B6 -> 0.26515171 | N6: =(E6-C6)/B6 -> 0.68081191 | O6: =AVERAGE(M6:N6) -> 0.47298181 | P6: =IF(O6<=0.5,"Free flow", IF(O6<=1,"Stable flow", IF(O6<=2,"Nearing capacity",Unstable flow))) -> Free flow | Q6: =(G6-C6)/B6 -> 0.10993196 | R6: =(H6-C6)/B6 -> 0.29719243 | S6: =AVERAGE(Q6:R6) -> 0.20356219 | T6: =IF(S6<=0.5,"Free flow", IF(S6<=1,"Stable flow", IF(S6<=2,"Nearing capacity",Unstable flow))) -> Free flow | U6: =AVERAGE(M6,Q6) -> 0.18754183 | V6: =IF(U6<=0.5,"Free flow", IF(U6<=1,"Stable flow", IF(U6<=2,"Nearing capacity",Unstable flow))) -> Free flow | W6: =AVERAGE(N6,R6) -> 0.48900217 | X6: =IF(W6<=0.5,"Free flow", IF(W6<=1,"Stable flow", IF(W6<=2,"Nearing capacity",Unstable flow))) -> Free flow | Y6: =AVERAGE(M6:N6,Q6:R6) -> 0.338272 | Z6: =IF(Y6<=0.5,"Free flow", IF(Y6<=1,"Stable flow", IF(Y6<=2,"Nearing capacity",Unstable flow))) -> Free flow | AA6: =D6/C6 -> 1.1559716 | AB6: =E6/C6 -> 1.4004776 | AC6: =G6/C6 -> 1.0646659 | AD6: =H6/C6 -> 1.1748191 | AE6: =AVERAGE(AA6:AD6) -> 1.1989835 | AF6: =IF(AE6<=1.2,"Free Flow",IF(AE6<=1.7,"Low congestion",IF(AE6<=2.2,"Moderate","Heavy"))) -> Free Flow
A7: 4 | B7: 1.5 | C7: 2.22 | D7: =B7*60/average_speed_per_route!Q6 -> 2.6754377 | E7: =B7*60/average_speed_per_route!S6 -> 3.1911082 | F7: =AVERAGE(D7:E7) -> 2.9332729 | G7: =B7*60/average_speed_per_route!U6 -> 2.4984552 | H7: =B7*60/average_speed_per_route!W6 -> 2.9088443 | I7: =AVERAGE(G7:H7) -> 2.7036497 | J7: =AVERAGE(D7,G7) -> 2.5869464 | K7: =AVERAGE(E7,H7) -> 3.0499762 | L7: =AVERAGE(D7:E7,G7:H7) -> 2.8184613 | M7: =(D7-C7)/B7 -> 0.30362511 | N7: =(E7-C7)/B7 -> 0.64740544 | O7: =AVERAGE(M7:N7) -> 0.47551527 | P7: =IF(O7<=0.5,"Free flow", IF(O7<=1,"Stable flow", IF(O7<=2,"Nearing capacity",Unstable flow))) -> Free flow | Q7: =(G7-C7)/B7 -> 0.1856368 | R7: =(H7-C7)/B7 -> 0.45922953 | S7: =AVERAGE(Q7:R7) -> 0.32243316 | T7: =IF(S7<=0.5,"Free flow", IF(S7<=1,"Stable flow", IF(S7<=2,"Nearing capacity",Unstable flow))) -> Free flow | U7: =AVERAGE(M7,Q7) -> 0.24463096 | V7: =IF(U7<=0.5,"Free flow", IF(U7<=1,"Stable flow", IF(U7<=2,"Nearing capacity",Unstable flow))) -> Free flow | W7: =AVERAGE(N7,R7) -> 0.55331748 | X7: =IF(W7<=0.5,"Free flow", IF(W7<=1,"Stable flow", IF(W7<=2,"Nearing capacity",Unstable flow))) -> Stable flow | Y7: =AVERAGE(M7:N7,Q7:R7) -> 0.39897422 | Z7: =IF(Y7<=0.5,"Free flow", IF(Y7<=1,"Stable flow", IF(Y7<=2,"Nearing capacity",Unstable flow))) -> Free flow | AA7: =D7/C7 -> 1.2051521 | AB7: =E7/C7 -> 1.4374361 | AC7: =G7/C7 -> 1.1254303 | AD7: =H7/C7 -> 1.3102902 | AE7: =AVERAGE(AA7:AD7) -> 1.2695772 | AF7: =IF(AE7<=1.2,"Free Flow",IF(AE7<=1.7,"Low congestion",IF(AE7<=2.2,"Moderate","Heavy"))) -> Low congestion
A8: 5 | B8: 1.52 | C8: 2.43 | D8: =B8*60/average_speed_per_route!Q7 -> 3.066142 | E8: =B8*60/average_speed_per_route!S7 -> 4.128965 | F8: =AVERAGE(D8:E8) -> 3.5975535 | G8: =B8*60/average_speed_per_route!U7 -> 2.7674974 | H8: =B8*60/average_speed_per_route!W7 -> 3.4165948 | I8: =AVERAGE(G8:H8) -> 3.0920461 | J8: =AVERAGE(D8,G8) -> 2.9168197 | K8: =AVERAGE(E8,H8) -> 3.7727799 | L8: =AVERAGE(D8:E8,G8:H8) -> 3.3447998 | M8: =(D8-C8)/B8 -> 0.41851449 | N8: =(E8-C8)/B8 -> 1.1177401 | O8: =AVERAGE(M8:N8) -> 0.7681273 | P8: =IF(O8<=0.5,"Free flow", IF(O8<=1,"Stable flow", IF(O8<=2,"Nearing capacity",Unstable flow))) -> Stable flow | Q8: =(G8-C8)/B8 -> 0.22203776 | R8: =(H8-C8)/B8 -> 0.64907555 | S8: =AVERAGE(Q8:R8) -> 0.43555666 | T8: =IF(S8<=0.5,"Free flow", IF(S8<=1,"Stable flow", IF(S8<=2,"Nearing capacity",Unstable flow))) -> Free flow | U8: =AVERAGE(M8,Q8) -> 0.32027613 | V8: =IF(U8<=0.5,"Free flow", IF(U8<=1,"Stable flow", IF(U8<=2,"Nearing capacity",Unstable flow))) -> Free flow | W8: =AVERAGE(N8,R8) -> 0.88340783 | X8: =IF(W8<=0.5,"Free flow", IF(W8<=1,"Stable flow", IF(W8<=2,"Nearing capacity",Unstable flow))) -> Stable flow | Y8: =AVERAGE(M8:N8,Q8:R8) -> 0.60184198 | Z8: =IF(Y8<=0.5,"Free flow", IF(Y8<=1,"Stable flow", IF(Y8<=2,"Nearing capacity",Unstable flow))) -> Stable flow | AA8: =D8/C8 -> 1.2617868 | AB8: =E8/C8 -> 1.6991625 | AC8: =G8/C8 -> 1.1388878 | AD8: =H8/C8 -> 1.4060061 | AE8: =AVERAGE(AA8:AD8) -> 1.3764608 | AF8: =IF(AE8<=1.2,"Free Flow",IF(AE8<=1.7,"Low congestion",IF(AE8<=2.2,"Moderate","Heavy"))) -> Low congestion
A9: 6 | B9: 1.5 | C9: 2.18 | D9: =B9*60/average_speed_per_route!Q8 -> 2.624336 | E9: =B9*60/average_speed_per_route!S8 -> 2.7974293 | F9: =AVERAGE(D9:E9) -> 2.7108827 | G9: =B9*60/average_speed_per_route!U8 -> 2.3906656 | H9: =B9*60/average_speed_per_route!W8 -> 2.589583 | I9: =AVERAGE(G9:H9) -> 2.4901243 | J9: =AVERAGE(D9,G9) -> 2.5075008 | K9: =AVERAGE(E9,H9) -> 2.6935061 | L9: =AVERAGE(D9:E9,G9:H9) -> 2.6005035 | M9: =(D9-C9)/B9 -> 0.29622402 | N9: =(E9-C9)/B9 -> 0.41161952 | O9: =AVERAGE(M9:N9) -> 0.35392177 | P9: =IF(O9<=0.5,"Free flow", IF(O9<=1,"Stable flow", IF(O9<=2,"Nearing capacity",Unstable flow))) -> Free flow | Q9: =(G9-C9)/B9 -> 0.1404437 | R9: =(H9-C9)/B9 -> 0.27305534 | S9: =AVERAGE(Q9:R9) -> 0.20674952 | T9: =IF(S9<=0.5,"Free flow", IF(S9<=1,"Stable flow", IF(S9<=2,"Nearing capacity",Unstable flow))) -> Free flow | U9: =AVERAGE(M9,Q9) -> 0.21833386 | V9: =IF(U9<=0.5,"Free flow", IF(U9<=1,"Stable flow", IF(U9<=2,"Nearing capacity",Unstable flow))) -> Free flow | W9: =AVERAGE(N9,R9) -> 0.34233743 | X9: =IF(W9<=0.5,"Free flow", IF(W9<=1,"Stable flow", IF(W9<=2,"Nearing capacity",Unstable flow))) -> Free flow | Y9: =AVERAGE(M9:N9,Q9:R9) -> 0.28033565 | Z9: =IF(Y9<=0.5,"Free flow", IF(Y9<=1,"Stable flow", IF(Y9<=2,"Nearing capacity",Unstable flow))) -> Free flow | AA9: =D9/C9 -> 1.2038239 | AB9: =E9/C9 -> 1.2832244 | AC9: =G9/C9 -> 1.0966356 | AD9: =H9/C9 -> 1.1878821 | AE9: =AVERAGE(AA9:AD9) -> 1.1928915 | AF9: =IF(AE9<=1.2,"Free Flow",IF(AE9<=1.7,"Low congestion",IF(AE9<=2.2,"Moderate","Heavy"))) -> Free Flow
A10: 7 | B10: 1.54 | C10: 2.38 | D10: =B10*60/average_speed_per_route!Q9 -> 2.6244897 | E10: =B10*60/average_speed_per_route!S9 -> 2.7290616 | F10: =AVERAGE(D10:E10) -> 2.6767757 | G10: =B10*60/average_speed_per_route!U9 -> 2.5178522 | H10: =B10*60/average_speed_per_route!W9 -> 2.7123569 | I10: =AVERAGE(G10:H10) -> 2.6151046 | J10: =AVERAGE(D10,G10) -> 2.571171 | K10: =AVERAGE(E10,H10) -> 2.7207093 | L10: =AVERAGE(D10:E10,G10:H10) -> 2.6459401 | M10: =(D10-C10)/B10 -> 0.15875957 | N10: =(E10-C10)/B10 -> 0.22666338 | O10: =AVERAGE(M10:N10) -> 0.19271148 | P10: =IF(O10<=0.5,"Free flow", IF(O10<=1,"Stable flow", IF(O10<=2,"Nearing capacity",Unstable flow))) -> Free flow | Q10: =(G10-C10)/B10 -> 0.089514416 | R10: =(H10-C10)/B10 -> 0.2158162 | S10: =AVERAGE(Q10:R10) -> 0.15266531 | T10: =IF(S10<=0.5,"Free flow", IF(S10<=1,"Stable flow", IF(S10<=2,"Nearing capacity",Unstable flow))) -> Free flow | U10: =AVERAGE(M10,Q10) -> 0.12413699 | V10: =IF(U10<=0.5,"Free flow", IF(U10<=1,"Stable flow", IF(U10<=2,"Nearing capacity",Unstable flow))) -> Free flow | W10: =AVERAGE(N10,R10) -> 0.22123979 | X10: =IF(W10<=0.5,"Free flow", IF(W10<=1,"Stable flow", IF(W10<=2,"Nearing capacity",Unstable flow))) -> Free flow | Y10: =AVERAGE(M10:N10,Q10:R10) -> 0.17268839 | Z10: =IF(Y10<=0.5,"Free flow", IF(Y10<=1,"Stable flow", IF(Y10<=2,"Nearing capacity",Unstable flow))) -> Free flow | AA10: =D10/C10 -> 1.1027268 | AB10: =E10/C10 -> 1.1466645 | AC10: =G10/C10 -> 1.0579211 | AD10: =H10/C10 -> 1.1396458 | AE10: =AVERAGE(AA10:AD10) -> 1.1117395 | AF10: =IF(AE10<=1.2,"Free Flow",IF(AE10<=1.7,"Low congestion",IF(AE10<=2.2,"Moderate","Heavy"))) -> Free Flow
A11: 8 | B11: 1.54 | C11: 2.65 | D11: =B11*60/average_speed_per_route!Q10 -> 3.2183557 | E11: =B11*60/average_speed_per_route!S10 -> 3.3208701 | F11: =AVERAGE(D11:E11) -> 3.2696129 | G11: =B11*60/average_speed_per_route!U10 -> 2.8737112 | H11: =B11*60/average_speed_per_route!W10 -> 3.0929637 | I11: =AVERAGE(G11:H11) -> 2.9833374 | J11: =AVERAGE(D11,G11) -> 3.0460335 | K11: =AVERAGE(E11,H11) -> 3.2069169 | L11: =AVERAGE(D11:E11,G11:H11) -> 3.1264752 | M11: =(D11-C11)/B11 -> 0.36906214 | N11: =(E11-C11)/B11 -> 0.43562993 | O11: =AVERAGE(M11:N11) -> 0.40234604 | P11: =IF(O11<=0.5,"Free flow", IF(O11<=1,"Stable flow", IF(O11<=2,"Nearing capacity",Unstable flow))) -> Free flow | Q11: =(G11-C11)/B11 -> 0.14526703 | R11: =(H11-C11)/B11 -> 0.28763875 | S11: =AVERAGE(Q11:R11) -> 0.21645289 | T11: =IF(S11<=0.5,"Free flow", IF(S11<=1,"Stable flow", IF(S11<=2,"Nearing capacity",Unstable flow))) -> Free flow | U11: =AVERAGE(M11,Q11) -> 0.25716458 | V11: =IF(U11<=0.5,"Free flow", IF(U11<=1,"Stable flow", IF(U11<=2,"Nearing capacity",Unstable flow))) -> Free flow | W11: =AVERAGE(N11,R11) -> 0.36163434 | X11: =IF(W11<=0.5,"Free flow", IF(W11<=1,"Stable flow", IF(W11<=2,"Nearing capacity",Unstable flow))) -> Free flow | Y11: =AVERAGE(M11:N11,Q11:R11) -> 0.30939946 | Z11: =IF(Y11<=0.5,"Free flow", IF(Y11<=1,"Stable flow", IF(Y11<=2,"Nearing capacity",Unstable flow))) -> Free flow | AA11: =D11/C11 -> 1.2144738 | AB11: =E11/C11 -> 1.2531585 | AC11: =G11/C11 -> 1.0844193 | AD11: =H11/C11 -> 1.1671561 | AE11: =AVERAGE(AA11:AD11) -> 1.179802 | AF11: =IF(AE11<=1.2,"Free Flow",IF(AE11<=1.7,"Low congestion",IF(AE11<=2.2,"Moderate","Heavy"))) -> Free Flow
A12: 9 | B12: 1.52 | C12: 2.45 | D12: =B12*60/average_speed_per_route!Q11 -> 3.8330763 | E12: =B12*60/average_speed_per_route!S11 -> 4.0515273 | F12: =AVERAGE(D12:E12) -> 3.9423018 | G12: =B12*60/average_speed_per_route!U11 -> 2.8031313 | H12: =B12*60/average_speed_per_route!W11 -> 3.5402026 | I12: =AVERAGE(G12:H12) -> 3.1716669 | J12: =AVERAGE(D12,G12) -> 3.3181038 | K12: =AVERAGE(E12,H12) -> 3.7958649 | L12: =AVERAGE(D12:E12,G12:H12) -> 3.5569844 | M12: =(D12-C12)/B12 -> 0.90991859 | N12: =(E12-C12)/B12 -> 1.0536364 | O12: =AVERAGE(M12:N12) -> 0.98177748 | P12: =IF(O12<=0.5,"Free flow", IF(O12<=1,"Stable flow", IF(O12<=2,"Nearing capacity",Unstable flow))) -> Stable flow | Q12: =(G12-C12)/B12 -> 0.23232324 | R12: =(H12-C12)/B12 -> 0.71723852 | S12: =AVERAGE(Q12:R12) -> 0.47478088 | T12: =IF(S12<=0.5,"Free flow", IF(S12<=1,"Stable flow", IF(S12<=2,"Nearing capacity",Unstable flow))) -> Free flow | U12: =AVERAGE(M12,Q12) -> 0.57112092 | V12: =IF(U12<=0.5,"Free flow", IF(U12<=1,"Stable flow", IF(U12<=2,"Nearing capacity",Unstable flow))) -> Stable flow | W12: =AVERAGE(N12,R12) -> 0.88543744 | X12: =IF(W12<=0.5,"Free flow", IF(W12<=1,"Stable flow", IF(W12<=2,"Nearing capacity",Unstable flow))) -> Stable flow | Y12: =AVERAGE(M12:N12,Q12:R12) -> 0.72827918 | Z12: =IF(Y12<=0.5,"Free flow", IF(Y12<=1,"Stable flow", IF(Y12<=2,"Nearing capacity",Unstable flow))) -> Stable flow | AA12: =D12/C12 -> 1.5645209 | AB12: =E12/C12 -> 1.6536846 | AC12: =G12/C12 -> 1.1441352 | AD12: =H12/C12 -> 1.4449806 | AE12: =AVERAGE(AA12:AD12) -> 1.4518303 | AF12: =IF(AE12<=1.2,"Free Flow",IF(AE12<=1.7,"Low congestion",IF(AE12<=2.2,"Moderate","Heavy"))) -> Low congestion
A13: 10 | B13: 1.5 | C13: 2.55 | D13: =B13*60/average_speed_per_route!Q12 -> 3.8385433 | E13: =B13*60/average_speed_per_route!S12 -> 4.4236304 | F13: =AVERAGE(D13:E13) -> 4.1310869 | G13: =B13*60/average_speed_per_route!U12 -> 2.9306995 | H13: =B13*60/average_speed_per_route!W12 -> 3.7095048 | I13: =AVERAGE(G13:H13) -> 3.3201021 | J13: =AVERAGE(D13,G13) -> 3.3846214 | K13: =AVERAGE(E13,H13) -> 4.0665676 | L13: =AVERAGE(D13:E13,G13:H13) -> 3.7255945 | M13: =(D13-C13)/B13 -> 0.85902889 | N13: =(E13-C13)/B13 -> 1.2490869 | O13: =AVERAGE(M13:N13) -> 1.0540579 | P13: =IF(O13<=0.5,"Free flow", IF(O13<=1,"Stable flow", IF(O13<=2,"Nearing capacity",Unstable flow))) -> Nearing capacity | Q13: =(G13-C13)/B13 -> 0.25379966 | R13: =(H13-C13)/B13 -> 0.77300319 | S13: =AVERAGE(Q13:R13) -> 0.51340143 | T13: =IF(S13<=0.5,"Free flow", IF(S13<=1,"Stable flow", IF(S13<=2,"Nearing capacity",Unstable flow))) -> Stable flow | U13: =AVERAGE(M13,Q13) -> 0.55641427 | V13: =IF(U13<=0.5,"Free flow", IF(U13<=1,"Stable flow", IF(U13<=2,"Nearing capacity",Unstable flow))) -> Stable flow | W13: =AVERAGE(N13,R13) -> 1.0110451 | X13: =IF(W13<=0.5,"Free flow", IF(W13<=1,"Stable flow", IF(W13<=2,"Nearing capacity",Unstable flow))) -> Nearing capacity | Y13: =AVERAGE(M13:N13,Q13:R13) -> 0.78372966 | Z13: =IF(Y13<=0.5,"Free flow", IF(Y13<=1,"Stable flow", IF(Y13<=2,"Nearing capacity",Unstable flow))) -> Stable flow | AA13: =D13/C13 -> 1.5053111 | AB13: =E13/C13 -> 1.734757 | AC13: =G13/C13 -> 1.1492939 | AD13: =H13/C13 -> 1.4547078 | AE13: =AVERAGE(AA13:AD13) -> 1.4610174 | AF13: =IF(AE13<=1.2,"Free Flow",IF(AE13<=1.7,"Low congestion",IF(AE13<=2.2,"Moderate","Heavy"))) -> Low congestion
A14: 11 | B14: 1.48 | C14: 1.85 | D14: =B14*60/average_speed_per_route!Q13 -> 3.0901981 | E14: =B14*60/average_speed_per_route!S13 -> 3.5715381 | F14: =AVERAGE(D14:E14) -> 3.3308681 | G14: =B14*60/average_speed_per_route!U13 -> 2.190457 | H14: =B14*60/average_speed_per_route!W13 -> 2.4067711 | I14: =AVERAGE(G14:H14) -> 2.298614 | J14: =AVERAGE(D14,G14) -> 2.6403275 | K14: =AVERAGE(E14,H14) -> 2.9891546 | L14: =AVERAGE(D14:E14,G14:H14) -> 2.8147411 | M14: =(D14-C14)/B14 -> 0.83797169 | N14: =(E14-C14)/B14 -> 1.1632014 | O14: =AVERAGE(M14:N14) -> 1.0005866 | P14: =IF(O14<=0.5,"Free flow", IF(O14<=1,"Stable flow", IF(O14<=2,"Nearing capacity",Unstable flow))) -> Nearing capacity | Q14: =(G14-C14)/B14 -> 0.2300385 | R14: =(H14-C14)/B14 -> 0.37619669 | S14: =AVERAGE(Q14:R14) -> 0.3031176 | T14: =IF(S14<=0.5,"Free flow", IF(S14<=1,"Stable flow", IF(S14<=2,"Nearing capacity",Unstable flow))) -> Free flow | U14: =AVERAGE(M14,Q14) -> 0.5340051 | V14: =IF(U14<=0.5,"Free flow", IF(U14<=1,"Stable flow", IF(U14<=2,"Nearing capacity",Unstable flow))) -> Stable flow | W14: =AVERAGE(N14,R14) -> 0.76969907 | X14: =IF(W14<=0.5,"Free flow", IF(W14<=1,"Stable flow", IF(W14<=2,"Nearing capacity",Unstable flow))) -> Stable flow | Y14: =AVERAGE(M14:N14,Q14:R14) -> 0.65185208 | Z14: =IF(Y14<=0.5,"Free flow", IF(Y14<=1,"Stable flow", IF(Y14<=2,"Nearing capacity",Unstable flow))) -> Stable flow | AA14: =D14/C14 -> 1.6703774 | AB14: =E14/C14 -> 1.9305612 | AC14: =G14/C14 -> 1.1840308 | AD14: =H14/C14 -> 1.3009574 | AE14: =AVERAGE(AA14:AD14) -> 1.5214817 | AF14: =IF(AE14<=1.2,"Free Flow",IF(AE14<=1.7,"Low congestion",IF(AE14<=2.2,"Moderate","Heavy"))) -> Low congestion
A15: 12 | B15: 1.46 | C15: 2.38 | D15: =B15*60/average_speed_per_route!Q14 -> 4.0489028 | E15: =B15*60/average_speed_per_route!S14 -> 4.6999172 | F15: =AVERAGE(D15:E15) -> 4.37441 | G15: =B15*60/average_speed_per_route!U14 -> 2.8182279 | H15: =B15*60/average_speed_per_route!W14 -> 3.4295022 | I15: =AVERAGE(G15:H15) -> 3.1238651 | J15: =AVERAGE(D15,G15) -> 3.4335653 | K15: =AVERAGE(E15,H15) -> 4.0647097 | L15: =AVERAGE(D15:E15,G15:H15) -> 3.7491375 | M15: =(D15-C15)/B15 -> 1.1430841 | N15: =(E15-C15)/B15 -> 1.5889844 | O15: =AVERAGE(M15:N15) -> 1.3660343 | P15: =IF(O15<=0.5,"Free flow", IF(O15<=1,"Stable flow", IF(O15<=2,"Nearing capacity",Unstable flow))) -> Nearing capacity | Q15: =(G15-C15)/B15 -> 0.30015609 | R15: =(H15-C15)/B15 -> 0.71883714 | S15: =AVERAGE(Q15:R15) -> 0.50949662 | T15: =IF(S15<=0.5,"Free flow", IF(S15<=1,"Stable flow", IF(S15<=2,"Nearing capacity",Unstable flow))) -> Stable flow | U15: =AVERAGE(M15,Q15) -> 0.7216201 | V15: =IF(U15<=0.5,"Free flow", IF(U15<=1,"Stable flow", IF(U15<=2,"Nearing capacity",Unstable flow))) -> Stable flow | W15: =AVERAGE(N15,R15) -> 1.1539108 | X15: =IF(W15<=0.5,"Free flow", IF(W15<=1,"Stable flow", IF(W15<=2,"Nearing capacity",Unstable flow))) -> Nearing capacity | Y15: =AVERAGE(M15:N15,Q15:R15) -> 0.93776544 | Z15: =IF(Y15<=0.5,"Free flow", IF(Y15<=1,"Stable flow", IF(Y15<=2,"Nearing capacity",Unstable flow))) -> Stable flow | AA15: =D15/C15 -> 1.7012197 | AB15: =E15/C15 -> 1.9747551 | AC15: =G15/C15 -> 1.1841294 | AD15: =H15/C15 -> 1.4409673 | AE15: =AVERAGE(AA15:AD15) -> 1.5752679 | AF15: =IF(AE15<=1.2,"Free Flow",IF(AE15<=1.7,"Low congestion",IF(AE15<=2.2,"Moderate","Heavy"))) -> Low congestion
... A61: 58 | B61: 1.5 | C61: 2.73 | D61: =B61*60/average_speed_per_route!Q60 -> 3.5883828 | E61: =B61*60/average_speed_per_route!S60 -> 4.7174152 | F61: =AVERAGE(D61:E61) -> 4.152899 | G61: =B61*60/average_speed_per_route!U60 -> 3.172813 | H61: =B61*60/average_speed_per_route!W60 -> 3.6228563 | I61: =AVERAGE(G61:H61) -> 3.3978347 | J61: =AVERAGE(D61,G61) -> 3.3805979 | K61: =AVERAGE(E61,H61) -> 4.1701357 | L61: =AVERAGE(D61:E61,G61:H61) -> 3.7753668 | M61: =(D61-C61)/B61 -> 0.57225519 | N61: =(E61-C61)/B61 -> 1.3249434 | O61: =AVERAGE(M61:N61) -> 0.94859932 | P61: =IF(O61<=0.5,"Free flow", IF(O61<=1,"Stable flow", IF(O61<=2,"Nearing capacity",Unstable flow))) -> Stable flow | Q61: =(G61-C61)/B61 -> 0.29520868 | R61: =(H61-C61)/B61 -> 0.59523754 | S61: =AVERAGE(Q61:R61) -> 0.44522311 | T61: =IF(S61<=0.5,"Free flow", IF(S61<=1,"Stable flow", IF(S61<=2,"Nearing capacity",Unstable flow))) -> Free flow | U61: =AVERAGE(M61,Q61) -> 0.43373194 | V61: =IF(U61<=0.5,"Free flow", IF(U61<=1,"Stable flow", IF(U61<=2,"Nearing capacity",Unstable flow))) -> Free flow | W61: =AVERAGE(N61,R61) -> 0.96009049 | X61: =IF(W61<=0.5,"Free flow", IF(W61<=1,"Stable flow", IF(W61<=2,"Nearing capacity",Unstable flow))) -> Stable flow | Y61: =AVERAGE(M61:N61,Q61:R61) -> 0.69691121 | Z61: =IF(Y61<=0.5,"Free flow", IF(Y61<=1,"Stable flow", IF(Y61<=2,"Nearing capacity",Unstable flow))) -> Stable flow | AA61: =D61/C61 -> 1.3144259 | AB61: =E61/C61 -> 1.7279909 | AC61: =G61/C61 -> 1.1622026 | AD61: =H61/C61 -> 1.3270536 | AE61: =AVERAGE(AA61:AD61) -> 1.3829182 | AF61: =IF(AE61<=1.2,"Free Flow",IF(AE61<=1.7,"Low congestion",IF(AE61<=2.2,"Moderate","Heavy"))) -> Low congestion
A62: Average values by time | C62: =AVERAGE(C4:C61) -> 2.5653448 | D62: =AVERAGE(D4:D61) -> 3.4911097 | E62: =AVERAGE(E4:E61) -> 4.0721736 | F62: =AVERAGE(F4:F61) -> 3.7816416 | G62: =AVERAGE(G4:G61) -> 2.8840921 | H62: =AVERAGE(H4:H61) -> 3.2862944 | I62: =AVERAGE(I4:I61) -> 3.0851933 | J62: =AVERAGE(J4:J61) -> 3.1876009 | ... O62: =AVERAGE(O4:O61) -> 0.79964957 | P62: =IF(O62<=0.5,"Free flow", IF(O62<=1,"Stable flow", IF(O62<=2,"Nearing capacity",Unstable flow))) -> Stable flow | Q62: =AVERAGE(Q4:Q61) -> 0.20881554 | R62: =AVERAGE(R4:R61) -> 0.47287893 | S62: =AVERAGE(S4:S61) -> 0.34084724 | T62: =IF(S62<=0.5,"Free flow", IF(S62<=1,"Stable flow", IF(S62<=2,"Nearing capacity",Unstable flow))) -> Free flow | U62: =AVERAGE(U4:U61) -> 0.40815471 | V62: =IF(U62<=0.5,"Free flow", IF(U62<=1,"Stable flow", IF(U62<=2,"Nearing capacity",Unstable flow))) -> Free flow | W62: =AVERAGE(W4:W61) -> 0.7323421 | X62: =IF(W62<=0.5,"Free flow", IF(W62<=1,"Stable flow", IF(W62<=2,"Nearing capacity",Unstable flow))) -> Stable flow | Y62: =AVERAGE(Y4:Y61) -> 0.5702484 | Z62: =IF(Y62<=0.5,"Free flow", IF(Y62<=1,"Stable flow", IF(Y62<=2,"Nearing capacity",Unstable flow))) -> Stable flow | AA62: =AVERAGE(AA4:AA61) -> 1.3588761 | AB62: =AVERAGE(AB4:AB61) -> 1.5858564 | AC62: =AVERAGE(AC4:AC61) -> 1.1218736 | AD62: =AVERAGE(AD4:AD61) -> 1.277671 | AE62: =AVERAGE(AE4:AE61) -> 1.3360693 | AF62: =IF(AE62<=1.2,"Free Flow",IF(AE62<=1.7,"Low congestion",IF(AE62<=2.2,"Moderate","Heavy"))) -> Low congestion
B63: =SUM(B4:B61) -> 88.72

Sheet Plotter_charts
A1: route_id | B1: TTI | I1: Delay, min/km | Y1: route_id | Z1: Average speed week AM | AA1: Average speed week PM | AB1: Average speed weekend AM | AC1: Average speed weekend PM
H2: route_id | I2: Week | K2: Weekend | M2: Average delay per route | Y2: 1 | Z2: 30.208168 | AA2: 26.728078 | AB2: 32.433222 | AC2: 30.494392
B3: Weekday AM | C3: Weekday PM | D3: Weekend AM | E3: Weekend PM | I3: morning | J3: evening | K3: morning | L3: evening | M3: Average week | O3: Average weekend | Q3: Average morning | S3: Average evening | U3: Average delay per route | Y3: 2 | Z3: 19.959516 | AA3: 15.271608 | AB3: 23.48238 | AC3: 20.909134
A4: 1 | B4: 1.1688128 | C4: 1.3209963 | D4: 1.0886273 | E4: 1.1578421 | H4: 1 | I4: 0.28687136 | J4: 0.54548396 | K4: 0.15060855 | L4: 0.26822847 | M4: 0.41617766 | N4: Free flow | O4: 0.20941851 | P4: Free flow | Q4: 0.21873995 | R4: Free flow | S4: 0.40685621 | T4: Free flow | U4: 0.31279808 | V4: Free flow | Y4: 3 | Z4: 30.531994 | AA4: 25.201487 | AB4: 33.150417 | AC4: 30.042173
A5: 2 | B5: 1.3963176 | C5: 1.8249435 | D5: 1.1868398 | E5: 1.3329018 | H5: 2 | I5: 0.85321871 | J5: 1.7759931 | K5: 0.40224107 | L5: 0.71669301 | M5: 1.3146059 | N5: Nearing capacity | O5: 0.55946704 | P5: Stable flow | Q5: 0.62772989 | R5: Stable flow | S5: 1.2463431 | T5: Nearing capacity | U5: 0.93703647 | V5: Stable flow | Y5: 4 | Z5: 33.639356 | AA5: 28.203369 | AB5: 36.022259 | AC5: 30.940123
A6: 3 | B6: 1.1559716 | C6: 1.4004776 | D6: 1.0646659 | E6: 1.1748191 | H6: 3 | I6: 0.26515171 | J6: 0.68081191 | K6: 0.10993196 | L6: 0.29719243 | M6: 0.47298181 | N6: Free flow | O6: 0.20356219 | P6: Free flow | Q6: 0.18754183 | R6: Free flow | S6: 0.48900217 | T6: Free flow | U6: 0.338272 | V6: Free flow | Y6: 5 | Z6: 29.744219 | AA6: 22.08786 | AB6: 32.95396 | AC6: 26.693244
A7: 4 | B7: 1.2051521 | C7: 1.4374361 | D7: 1.1254303 | E7: 1.3102902 | H7: 4 | I7: 0.30362511 | J7: 0.64740544 | K7: 0.1856368 | L7: 0.45922953 | M7: 0.47551527 | N7: Free flow | O7: 0.32243316 | P7: Free flow | Q7: 0.24463096 | R7: Free flow | S7: 0.55331748 | T7: Stable flow | U7: 0.39897422 | V7: Free flow | Y7: 6 | Z7: 34.294389 | AA7: 32.172395 | AB7: 37.64642 | AC7: 34.75463
A8: 5 | B8: 1.2617868 | C8: 1.6991625 | D8: 1.1388878 | E8: 1.4060061 | H8: 5 | I8: 0.41851449 | J8: 1.1177401 | K8: 0.22203776 | L8: 0.64907555 | M8: 0.7681273 | N8: Stable flow | O8: 0.43555666 | P8: Free flow | Q8: 0.32027613 | R8: Free flow | S8: 0.88340783 | T8: Stable flow | U8: 0.60184198 | V8: Stable flow | Y8: 7 | Z8: 35.206844 | AA8: 33.857792 | AB8: 36.697944 | AC8: 34.066313
A9: 6 | B9: 1.2038239 | C9: 1.2832244 | D9: 1.0966356 | E9: 1.1878821 | H9: 6 | I9: 0.29622402 | J9: 0.41161952 | K9: 0.1404437 | L9: 0.27305534 | M9: 0.35392177 | N9: Free flow | O9: 0.20674952 | P9: Free flow | Q9: 0.21833386 | R9: Free flow | S9: 0.34233743 | T9: Free flow | U9: 0.28033565 | V9: Free flow | Y9: 8 | Z9: 28.710313 | AA9: 27.824033 | AB9: 32.153544 | AC9: 29.87426
A10: 7 | B10: 1.1027268 | C10: 1.1466645 | D10: 1.0579211 | E10: 1.1396458 | H10: 7 | I10: 0.15875957 | J10: 0.22666338 | K10: 0.089514416 | L10: 0.2158162 | M10: 0.19271148 | N10: Free flow | O10: 0.15266531 | P10: Free flow | Q10: 0.12413699 | R10: Free flow | S10: 0.22123979 | T10: Free flow | U10: 0.17268839 | V10: Free flow | Y10: 9 | Z10: 23.7929 | AA10: 22.51003 | AB10: 32.535044 | AC10: 25.761238
A11: 8 | B11: 1.2144738 | C11: 1.2531585 | D11: 1.0844193 | E11: 1.1671561 | H11: 8 | I11: 0.36906214 | J11: 0.43562993 | K11: 0.14526703 | L11: 0.28763875 | M11: 0.40234604 | N11: Free flow | O11: 0.21645289 | P11: Free flow | Q11: 0.25716458 | R11: Free flow | S11: 0.36163434 | T11: Free flow | U11: 0.30939946 | V11: Free flow | Y11: 10 | Z11: 23.446394 | AA11: 20.34528 | AB11: 30.709392 | AC11: 24.261999
A12: 9 | B12: 1.5645209 | C12: 1.6536846 | D12: 1.1441352 | E12: 1.4449806 | H12: 9 | I12: 0.90991859 | J12: 1.0536364 | K12: 0.23232324 | L12: 0.71723852 | M12: 0.98177748 | N12: Stable flow | O12: 0.47478088 | P12: Free flow | Q12: 0.57112092 | R12: Stable flow | S12: 0.88543744 | T12: Stable flow | U12: 0.72827918 | V12: Stable flow | Y12: 11 | Z12: 28.736022 | AA12: 24.863237 | AB12: 40.539486 | AC12: 36.895906
A13: 10 | B13: 1.5053111 | C13: 1.734757 | D13: 1.1492939 | E13: 1.4547078 | H13: 10 | I13: 0.85902889 | J13: 1.2490869 | K13: 0.25379966 | L13: 0.77300319 | M13: 1.0540579 | N13: Nearing capacity | O13: 0.51340143 | P13: Stable flow | Q13: 0.55641427 | R13: Stable flow | S13: 1.0110451 | T13: Nearing capacity | U13: 0.78372966 | V13: Stable flow | Y13: 12 | Z13: 21.635491 | AA13: 18.638626 | AB13: 31.083363 | AC13: 25.543066
A14: 11 | B14: 1.6703774 | C14: 1.9305612 | D14: 1.1840308 | E14: 1.3009574 | H14: 11 | I14: 0.83797169 | J14: 1.1632014 | K14: 0.2300385 | L14: 0.37619669 | M14: 1.0005866 | N14: Nearing capacity | O14: 0.3031176 | P14: Free flow | Q14: 0.5340051 | R14: Stable flow | S14: 0.76969907 | T14: Stable flow | U14: 0.65185208 | V14: Stable flow | Y14: 13 | Z14: 21.254473 | AA14: 18.269319 | AB14: 31.694167 | AC14: 26.450844
A15: 12 | B15: 1.7012197 | C15: 1.9747551 | D15: 1.1841294 | E15: 1.4409673 | H15: 12 | I15: 1.1430841 | J15: 1.5889844 | K15: 0.30015609 | L15: 0.71883714 | M15: 1.3660343 | N15: Nearing capacity | O15: 0.50949662 | P15: Stable flow | Q15: 0.7216201 | R15: Stable flow | S15: 1.1539108 | T15: Nearing capacity | U15: 0.93776544 | V15: Stable flow | Y15: 14 | Z15: 25.135855 | AA15: 20.520881 | AB15: 31.873599 | AC15: 27.537833
... A59: 56 | B59: 1.6394077 | C59: 1.9822752 | D59: 1.184129 | E59: 1.517828 | H59: 56 | I59: 1.1856566 | J59: 1.8214375 | K59: 0.34143117 | L59: 0.96021089 | M59: 1.5035471 | N59: Nearing capacity | O59: 0.65082103 | P59: Stable flow | Q59: 0.76354389 | R59: Stable flow | S59: 1.3908242 | T59: Nearing capacity | U59: 1.0771841 | V59: Nearing capacity | Y59: 58 | Z59: 25.080936 | AA59: 19.078245 | AB59: 28.365996 | AC59: 24.842277
A60: 57 | B60: 1.3918792 | C60: 1.7365061 | D60: 1.1689946 | E60: 1.3194283 | H60: 57 | I60: 0.72703898 | J60: 1.3664126 | K60: 0.31352944 | L60: 0.59262347 | M60: 1.0467258 | N60: Nearing capacity | O60: 0.45307645 | P60: Free flow | Q60: 0.52028421 | R60: Stable flow | S60: 0.97951801 | T60: Stable flow | U60: 0.74990111 | V60: Stable flow | Z60: 27.789873 | AA60: 23.823677 | AB60: 33.010474 | AC60: 29.194197
A61: 58 | B61: 1.3144259 | C61: 1.7279909 | D61: 1.1622026 | E61: 1.3270536 | H61: 58 | I61: 0.57225519 | J61: 1.3249434 | K61: 0.29520868 | L61: 0.59523754 | M61: 0.94859932 | N61: Stable flow | O61: 0.44522311 | P61: Free flow | Q61: 0.43373194 | R61: Free flow | S61: 0.96009049 | T61: Stable flow | U61: 0.69691121 | V61: Stable flow
B62: 1.3588761 | C62: 1.5858564 | D62: 1.1218736 | E62: 1.277671 | I62: 0.60749388 | J62: 0.99180527 | K62: 0.20881554 | L62: 0.47287893 | M62: 0.79964957 | N62: Stable flow | O62: 0.34084724 | P62: Free flow | Q62: 0.40815471 | R62: Free flow | S62: 0.7323421 | T62: Stable flow | U62: 0.5702484 | V62: Stable flow

Sheet Description of selected routes
A1: Route ID | B1: Distance, km | C1: FFTT, min | D1: Start point coordinates | E1: End point coordinates
A2: 1 | B2: 1.53 | C2: 2.6 | D2: 41.32516738436008, 69.30379886174566 | E2: 41.327552032716724, 69.28609735456061
A3: 2 | B3: 1.57 | C3: 3.38 | D3: 41.327552032716724, 69.28609735456061 | E3: 41.332180445326756, 69.26923046640113
A4: 3 | B4: 1.5 | C4: 2.55 | D4: 41.332180445326756, 69.26923046640113 | E4: 41.33927686915818, 69.25398056929649
A5: 4 | B5: 1.5 | C5: 2.22 | D5: 41.33927686915818, 69.25398056929649 | E5: 41.341917122525444, 69.23651333737624
A6: 5 | B6: 1.52 | C6: 2.43 | D6: 41.341917122525444, 69.23651333737624 | E6: 41.3355661273189, 69.22092813210918
A7: 6 | B7: 1.5 | C7: 2.18 | D7: 41.3355661273189, 69.22092813210918 | E7: 41.32435077486925, 69.210996318545
A8: 7 | B8: 1.54 | C8: 2.38 | D8: 41.32435077486925, 69.210996318545 | E8: 41.31115833391201, 69.2074172881025
A9: 8 | B9: 1.54 | C9: 2.65 | D9: 41.31115833391201, 69.2074172881025 | E9: 41.29858235062461, 69.21262191402178
A10: 9 | B10: 1.52 | C10: 2.45 | D10: 41.29858235062461, 69.21262191402178 | E10: 41.289787898161364, 69.2265988055295
A11: 10 | B11: 1.5 | C11: 2.55 | D11: 41.289787898161364, 69.2265988055295 | E11: 41.28106476890745, 69.24026245064472
A12: 11 | B12: 1.48 | C12: 1.85 | D12: 41.28106476890745, 69.24026245064472 | E12: 41.28064845978927, 69.25601908163817
A13: 12 | B13: 1.46 | C13: 2.38 | D13: 41.28064845978927, 69.25601908163817 | E13: 41.28687171940977, 69.27143808322909
... A59: 58 | B59: 1.5 | C59: 2.73 | D59: 41.32310314706941, 69.28241762019745 | E59: 41.33644779653366, 69.28519116101587
